Date,Customer_ID,Age,Gender,Income,Spending_Score,Credit_Score,Loan_Amount,Previous_Defaults,Marketing_Spend,Purchase_Frequency,Seasonality,Sales,Customer_Churn,Defaulted
12/04/2024,1,56,Female,142418.0,7,391.0,8083,1,15376,3,Low,32526,0,0
21/02/2024,2,69,Male,63088.0,82,652.0,34328,2,6889,6,Low,78493,0,0
02/04/2024,3,46,Male,136868.0,91,662.0,47891,2,6054,29,Medium,57198,1,0
15/01/2024,4,32,Female,85375.5,34,644.0,25103,2,4868,8,Medium,48395,0,0
16/04/2024,5,60,Male,59811.0,91,469.0,44891,1,17585,12,High,29031,1,0
12/03/2024,6,25,Male,134825.0,17,655.0,15754,1,19881,13,Low,80542,0,0
01/03/2024,7,38,Female,75479.0,43,490.0,39447,1,2842,11,Medium,42701,1,1
21/01/2024,8,56,Male,85375.5,59,721.0,20901,2,11058,12,Medium,30939,1,0
12/04/2024,9,36,Male,107369.0,51,306.0,38004,1,10101,1,Medium,54145,0,0
23/03/2024,10,40,Male,137520.0,54,432.0,12446,0,13497,17,Medium,25324,0,1
27/03/2024,11,28,Female,39963.0,24,330.0,42211,0,5658,16,Medium,27867,0,0
15/03/2024,12,28,Female,75123.0,25,834.0,29817,1,12381,11,Low,5203,0,1
15/03/2024,13,41,Female,145911.0,71,725.0,31116,0,8544,13,Low,21544,0,1
28/03/2024,14,53,Male,122468.0,52,693.0,46323,0,8718,18,Low,20899,0,0
26/04/2024,15,57,Male,112705.0,70,588.5,23752,2,14851,11,Low,34063,0,0
09/04/2024,16,41,Female,93477.0,88,736.0,37376,1,18154,28,High,95880,0,0
13/04/2024,17,20,Male,34388.0,33,381.0,21669,1,12777,12,Low,8748,1,1
24/01/2024,18,39,Male,25569.0,49,655.0,37916,2,2628,6,Medium,71629,0,0
03/01/2024,19,19,Female,89836.0,29,557.0,29817,0,1386,9,Low,85764,0,0
22/01/2024,20,41,Female,124573.0,63,823.0,25421,0,7031,16,High,25884,0,1
22/02/2024,21,61,Male,56586.0,22,594.0,31342,1,7439,4,Medium,30183,1,1
02/01/2024,22,47,Male,147018.0,26,588.5,9895,0,14392,3,Low,86570,0,1
28/03/2024,23,55,Male,32015.0,28,588.5,29817,2,19850,28,Low,76246,0,0
17/04/2024,24,19,Female,65002.0,85,588.5,15699,2,3282,16,Low,24259,0,1
30/01/2024,25,38,Female,136594.0,49,412.0,14715,1,2856,24,Medium,40959,0,0
07/02/2024,26,50,Female,26254.0,71,532.0,24169,2,16670,27,Medium,38457,0,1
02/01/2024,27,29,Female,37144.0,81,316.0,21163,2,2998,26,High,90679,1,0
04/03/2024,28,39,Male,44214.0,84,659.0,10782,1,6476,25,Medium,7103,1,0
29/02/2024,29,61,Female,85375.5,49,588.5,27641,2,10428,12,Medium,70901,0,0
21/01/2024,30,42,Female,100719.0,20,747.0,29817,2,5669,11,Low,49535,1,0
02/02/2024,31,66,Female,91774.0,86,588.5,40585,2,13336,5,Medium,21103,0,0
16/03/2024,32,44,Female,26090.0,92,625.0,29817,0,10342,25,Low,95012,0,0
27/02/2024,33,59,Female,31637.0,63,766.0,29817,1,8064,18,Low,83278,1,0
22/01/2024,34,45,Male,42415.0,61,713.0,43067,1,8446,19,Medium,17391,0,0
17/04/2024,35,33,Male,44071.0,49,588.5,47685,1,18815,23,High,33901,1,1
29/03/2024,36,32,Female,78243.0,71,532.0,23073,0,6624,23,High,86159,0,0
18/02/2024,37,64,Male,130951.0,1,523.0,41035,0,8461,6,Medium,72914,0,0
31/03/2024,38,68,Female,85375.5,96,711.0,42174,1,2819,22,High,55357,0,0
28/02/2024,39,61,Female,85375.5,13,634.0,29837,0,11516,18,Low,91908,0,0
11/02/2024,40,69,Male,61240.0,94,521.0,22826,1,14749,26,Low,43437,0,0
01/04/2024,41,20,Male,146146.0,87,336.0,29817,0,18514,6,Medium,40503,1,0
29/02/2024,42,54,Female,103807.0,51,577.0,15382,2,3658,4,High,98459,0,0
20/03/2024,43,68,Female,121570.0,56,495.0,9437,2,4500,12,High,80403,1,1
15/01/2024,44,24,Female,53434.0,83,783.0,10435,1,3120,19,Low,46258,1,1
02/03/2024,45,38,Male,89724.0,62,541.0,29819,0,5020,29,Medium,38724,0,0
02/03/2024,46,26,Female,135359.0,32,588.5,41875,0,11213,27,High,69286,0,1
16/02/2024,47,56,Female,95697.0,30,491.0,36982,2,4259,29,Medium,79842,0,0
02/03/2024,48,35,Female,48732.0,29,316.0,38328,2,11081,2,High,19908,0,0
20/02/2024,49,21,Male,141465.0,49,823.0,17329,0,2823,17,Low,97617,1,0
17/04/2024,50,42,Female,31314.0,45,700.0,29817,0,18858,11,Low,55626,0,0
24/02/2024,51,31,Female,43954.0,93,321.0,26932,0,19626,11,Medium,42228,0,0
25/04/2024,52,67,Male,77108.0,30,773.0,39594,0,14467,21,Low,28386,0,0
04/03/2024,53,26,Female,107044.0,16,419.0,16421,0,7990,16,High,51754,0,0
03/01/2024,54,43,Female,107505.0,40,509.0,12629,0,4134,2,Low,33302,0,0
10/04/2024,55,19,Male,131195.0,19,605.0,13325,1,19454,2,Medium,65815,0,0
20/02/2024,56,37,Female,123081.0,18,569.0,33495,0,17743,23,Medium,89748,0,0
07/01/2024,57,45,Male,56668.0,1,584.0,36750,2,16434,8,Medium,68344,0,0
21/01/2024,58,64,Male,43061.0,78,526.0,34619,1,16007,13,High,40618,0,0
13/03/2024,59,24,Female,99252.0,47,680.0,45461,0,11233,10,High,81234,0,0
08/02/2024,60,61,Female,59749.0,66,588.5,29817,2,17378,8,High,66114,0,0
18/01/2024,61,25,Female,149668.0,92,306.0,17686,1,2141,4,High,75130,1,1
04/01/2024,62,64,Female,124680.0,94,328.0,29226,2,19019,15,High,30525,0,0
29/03/2024,63,52,Male,36907.0,38,332.0,11721,0,11135,1,Low,84818,0,0
29/02/2024,64,31,Female,38777.0,51,378.0,25609,0,13966,11,High,19334,0,0
14/01/2024,65,34,Male,113229.0,63,758.0,12373,0,4361,7,High,99715,0,0
23/04/2024,66,53,Female,71745.0,4,837.0,43675,0,8835,17,Low,67767,1,0
09/01/2024,67,67,Female,128464.0,1,781.0,33937,1,12172,27,High,11644,0,0
30/03/2024,68,57,Female,148077.0,8,729.0,10656,1,17390,20,Medium,37933,0,0
22/02/2024,69,21,Male,111865.0,29,584.0,13984,2,4267,24,High,48469,1,0
02/01/2024,70,19,Female,132428.0,55,815.0,34984,0,7564,18,High,38687,0,0
24/03/2024,71,23,Female,101818.0,3,398.0,13286,2,19990,22,Medium,57656,0,0
01/04/2024,72,59,Female,85375.5,32,696.0,10901,1,12411,29,Medium,22375,0,0
20/04/2024,73,21,Female,43321.0,10,788.0,36552,0,6906,22,Medium,70206,0,0
29/02/2024,74,46,Male,30488.0,74,338.0,30709,0,17028,12,Medium,41607,0,0
11/03/2024,75,35,Female,42574.0,83,570.0,36055,1,8611,9,High,88178,0,0
13/02/2024,76,43,Male,25240.0,34,456.0,42685,1,18297,5,Medium,28993,1,0
08/01/2024,77,61,Male,63221.0,97,374.0,13429,1,3011,10,Medium,49386,1,0
16/02/2024,78,51,Male,30478.0,87,429.0,19716,1,18826,4,Low,51287,0,0
04/02/2024,79,27,Male,148055.0,55,588.5,16138,1,12246,5,Medium,91724,0,0
18/03/2024,80,53,Male,75645.0,92,321.0,40298,0,14790,28,Medium,98308,1,1
21/03/2024,81,31,Male,130698.0,32,758.0,28429,1,12738,28,Low,81312,0,0
05/02/2024,82,48,Female,39262.0,50,838.0,10772,0,15730,10,Low,80324,1,1
19/02/2024,83,65,Male,138831.0,7,681.0,29817,0,12120,11,High,76196,1,0
13/04/2024,84,32,Male,72796.0,93,739.0,44905,1,19213,21,Low,75014,0,0
04/01/2024,85,25,Male,24432.0,8,320.0,22347,1,9767,24,High,13210,0,0
02/01/2024,86,31,Female,85375.5,65,602.0,21920,0,14703,10,Low,15922,0,0
06/01/2024,87,40,Female,84291.0,57,383.0,36822,1,1929,28,Low,41289,0,0
23/02/2024,88,57,Male,99104.0,67,752.0,45108,1,12951,8,High,38340,1,0
15/04/2024,89,38,Female,79399.0,88,686.0,28563,1,16845,2,Low,44850,0,0
04/01/2024,90,33,Male,147600.0,87,806.0,12967,2,18438,23,High,61984,1,0
23/02/2024,91,62,Male,99714.0,59,556.0,16871,0,16747,8,Low,89178,0,0
02/04/2024,92,35,Female,70428.0,72,826.0,33763,2,6744,16,Medium,16094,0,1
03/03/2024,93,64,Male,107731.0,54,461.0,16916,1,19284,27,Low,92959,0,0
18/01/2024,94,41,Female,145646.0,67,462.0,13734,2,10649,22,High,38418,0,0
30/03/2024,95,43,Female,85375.5,51,823.0,38613,1,7980,5,Low,10741,0,0
13/02/2024,96,42,Male,102558.0,97,570.0,33179,2,8069,27,High,77374,0,0
03/02/2024,97,62,Male,20055.0,92,791.0,40262,1,10591,25,High,73798,1,0
14/03/2024,98,58,Female,131317.0,8,507.0,17677,2,1442,29,Medium,75532,0,1
02/03/2024,99,46,Male,28717.0,34,838.0,23268,2,5652,3,Medium,27164,0,0
09/04/2024,100,32,Male,147449.0,35,359.0,29817,2,10370,12,High,40595,0,0
14/01/2024,101,62,Male,48699.0,96,729.0,29817,0,8597,13,Low,35257,1,0
04/04/2024,102,18,Female,85375.5,88,608.0,42947,2,15325,13,High,19211,0,1
17/02/2024,103,42,Female,87661.0,78,819.0,32286,0,5458,10,High,10232,0,0
15/01/2024,104,24,Male,64247.0,32,326.0,29817,1,7591,4,Low,72753,1,0
12/03/2024,105,26,Female,134049.0,46,498.0,11430,2,17346,9,Low,57691,1,1
18/03/2024,106,41,Female,36748.0,16,686.0,44922,1,12826,22,Low,94765,0,0
27/03/2024,107,18,Female,125113.0,68,588.5,18828,1,19693,24,Low,84768,0,1
02/03/2024,108,61,Female,24621.0,37,835.0,47913,2,15138,23,High,30613,0,0
09/02/2024,109,25,Female,35034.0,54,677.0,36497,0,18294,27,High,19026,0,0
25/03/2024,110,41,Male,131927.0,85,826.0,44256,2,3169,2,Medium,58535,1,0
01/01/2024,111,28,Male,147858.0,14,452.0,41618,1,19556,19,High,99090,0,0
18/04/2024,112,68,Male,25126.0,95,505.0,29817,1,7313,1,Low,35908,1,1
22/03/2024,113,34,Female,25122.0,55,754.0,35158,2,9315,25,Medium,57113,0,0
20/04/2024,114,25,Female,38030.0,48,572.0,30032,0,9036,29,Low,24610,0,0
22/02/2024,115,52,Male,102838.0,82,588.5,42846,0,1785,7,High,51646,0,0
24/01/2024,116,52,Female,104717.0,7,820.0,49936,1,7139,17,Medium,68185,0,0
26/01/2024,117,50,Male,75658.0,74,800.0,34794,1,7344,3,Low,77567,1,0
29/03/2024,118,22,Male,58638.0,7,416.0,10448,0,19800,20,Medium,52574,1,0
29/02/2024,119,59,Male,87067.0,33,685.0,33861,2,15973,20,Medium,96051,0,0
18/04/2024,120,56,Female,126476.0,23,643.0,33141,1,6619,21,High,41182,0,0
10/02/2024,121,58,Female,138033.0,85,694.0,14074,0,2936,3,Low,5570,0,0
29/01/2024,122,45,Male,125977.0,19,363.0,11406,1,4807,3,Medium,24288,0,0
15/01/2024,123,24,Male,108869.0,19,371.0,36823,2,8151,17,Medium,83824,0,0
14/02/2024,124,26,Male,85375.5,36,573.0,28291,0,10493,7,Low,34877,0,1
05/03/2024,125,25,Male,54674.0,29,619.0,46568,1,13355,27,Medium,89425,0,1
29/03/2024,126,29,Female,55854.0,60,637.0,37003,2,4236,26,Medium,5917,1,0
11/03/2024,127,51,Female,66271.0,82,665.0,29817,1,16848,14,Medium,80602,0,0
09/01/2024,128,50,Male,93688.0,2,794.0,28312,2,3352,17,Low,69575,0,0
28/03/2024,129,65,Male,58518.0,1,465.0,48108,2,2932,18,Low,77518,0,0
01/01/2024,130,40,Female,131076.0,47,843.0,6382,0,11913,13,Low,44104,0,0
17/04/2024,131,41,Female,30267.0,69,310.0,39171,2,9556,20,Low,23062,0,0
08/01/2024,132,54,Male,110825.0,20,600.0,29817,1,6498,29,High,21999,1,0
28/03/2024,133,52,Male,21062.0,11,588.5,8292,2,11582,20,Medium,66845,1,1
03/03/2024,134,61,Male,136664.0,2,588.5,46779,2,18330,21,Low,14941,0,0
11/01/2024,135,57,Female,85375.5,67,691.0,38187,0,14865,27,Medium,66169,0,0
24/04/2024,136,39,Female,85375.5,87,513.0,17411,2,10569,18,Medium,28470,0,0
21/03/2024,137,44,Female,26229.0,12,588.5,42285,2,18823,4,High,64821,1,0
08/01/2024,138,52,Male,85375.5,20,700.0,20422,1,5857,1,Low,91669,0,1
04/02/2024,139,18,Male,85375.5,5,345.0,47468,0,1340,18,Low,49435,0,0
04/02/2024,140,52,Female,67915.0,37,762.0,37371,0,12181,1,Medium,9529,0,0
02/02/2024,141,54,Female,24632.0,38,588.5,10693,0,17766,26,Low,88055,0,0
05/01/2024,142,64,Male,85375.5,94,588.5,38535,2,9491,26,Medium,17192,0,0
15/04/2024,143,31,Female,85375.5,9,391.0,19818,0,1138,13,Medium,79102,1,0
12/04/2024,144,20,Female,129779.0,98,541.0,36238,2,1358,20,High,77762,0,1
10/02/2024,145,18,Male,26168.0,53,301.0,35874,2,10714,20,High,91795,0,1
28/01/2024,146,22,Female,128099.0,44,524.0,31715,1,2627,23,High,39087,0,0
07/01/2024,147,43,Male,27561.0,99,415.0,32605,1,16996,10,Medium,71677,1,0
13/03/2024,148,31,Male,93794.0,86,402.0,39317,1,6004,27,Low,9627,1,1
12/03/2024,149,56,Male,102152.0,24,493.0,36174,1,14283,11,High,61541,0,0
12/01/2024,150,44,Male,145036.0,81,465.0,14956,1,7652,9,Low,73226,1,0
03/02/2024,151,26,Male,144049.0,74,389.0,43908,2,3151,9,High,8255,0,0
02/02/2024,152,32,Male,46734.0,30,588.5,15837,2,10429,5,High,62433,0,0
17/02/2024,153,32,Male,26371.0,59,442.0,29817,0,15072,26,Medium,10213,0,0
28/04/2024,154,43,Female,138894.0,87,405.0,9481,2,12927,1,High,24404,0,0
23/01/2024,155,59,Male,46069.0,96,727.0,29282,2,7905,17,High,30380,0,0
02/03/2024,156,30,Male,99905.0,81,604.0,11548,1,13452,22,Medium,96056,0,0
28/03/2024,157,68,Female,32910.0,81,616.0,29817,2,17212,2,Low,24173,0,0
06/02/2024,158,49,Female,93479.0,14,308.0,12758,1,19951,24,High,58027,1,1
08/04/2024,159,56,Female,85375.5,9,372.0,48668,0,2307,13,Medium,28989,0,1
13/02/2024,160,66,Male,101264.0,40,658.0,28177,0,15852,9,High,29519,0,1
13/04/2024,161,69,Female,43275.0,66,522.0,29022,2,3660,29,Medium,27439,0,0
26/03/2024,162,49,Male,92274.0,25,588.5,45761,0,11403,4,Low,81949,0,0
31/03/2024,163,21,Male,85375.5,73,669.0,10542,2,11238,5,Low,19995,0,0
04/02/2024,164,47,Male,120776.0,22,563.0,30476,0,7207,11,Medium,28559,0,0
05/03/2024,165,54,Male,80004.0,4,617.0,35784,1,2140,24,Medium,94049,1,0
08/04/2024,166,40,Female,82981.0,26,383.0,27740,1,2708,19,Medium,10021,0,0
10/04/2024,167,56,Female,104659.0,58,617.0,29817,1,4630,21,Low,26119,0,0
16/02/2024,168,62,Male,74553.0,29,410.0,21052,1,11485,3,High,56539,1,1
18/03/2024,169,32,Male,68447.0,98,550.0,40153,2,13021,12,Low,99835,0,0
03/01/2024,170,60,Male,54529.0,87,682.0,5671,0,17859,26,Medium,44350,0,0
01/01/2024,171,46,Female,146394.0,37,306.0,5163,2,8684,19,Medium,51223,0,0
05/01/2024,172,53,Male,95703.0,75,758.0,29817,1,2207,19,Low,30517,0,1
30/03/2024,173,30,Male,96090.0,70,383.0,49002,2,14331,13,Medium,83653,0,0
28/04/2024,174,49,Female,37260.0,18,507.0,9795,0,2960,28,Low,27250,0,1
14/01/2024,175,24,Female,132581.0,85,689.0,15634,2,1557,7,Medium,89486,0,1
12/04/2024,176,68,Male,23812.0,42,613.0,9798,0,16883,15,High,87895,0,0
27/01/2024,177,39,Female,48024.0,41,321.0,27420,2,14893,23,High,94132,1,0
09/01/2024,178,45,Female,78656.0,38,709.0,34300,0,1882,7,Medium,96066,0,0
19/03/2024,179,19,Male,136148.0,34,814.0,29345,0,5761,26,Low,71798,0,0
15/01/2024,180,59,Female,47285.0,17,426.0,15749,1,6867,8,High,59199,1,0
30/03/2024,181,62,Male,112436.0,37,313.0,43595,0,13869,5,Low,64546,0,0
11/02/2024,182,23,Female,136421.0,25,311.0,30121,1,8166,21,Medium,93151,0,1
17/03/2024,183,45,Male,21605.0,76,386.0,42487,1,13982,14,Low,8327,1,1
20/02/2024,184,45,Male,91158.0,87,823.0,33411,1,8929,4,High,34768,0,0
03/03/2024,185,61,Male,92303.0,86,836.0,38361,2,6347,23,Low,69418,0,0
05/04/2024,186,61,Female,47139.0,85,600.0,26223,2,8269,10,Low,99386,1,0
12/04/2024,187,37,Male,97149.0,27,542.0,12394,2,14527,20,Medium,47788,0,0
22/04/2024,188,47,Female,76138.0,57,421.0,19056,2,3454,15,Medium,87384,0,0
21/02/2024,189,28,Male,138205.0,31,446.0,33380,0,19330,18,Medium,51830,0,0
05/04/2024,190,45,Male,96125.0,6,655.0,31035,0,13991,20,High,57446,0,0
04/01/2024,191,42,Female,33918.0,91,608.0,35620,2,3808,13,High,20160,0,0
03/04/2024,192,56,Male,105655.0,40,587.0,24877,0,7642,29,Medium,61583,1,1
10/04/2024,193,50,Male,47446.0,98,606.0,48404,0,4825,8,Medium,38998,0,0
23/01/2024,194,18,Female,85375.5,12,848.0,35911,1,4536,9,High,32230,1,0
12/04/2024,195,44,Male,33046.0,53,651.0,37784,1,16309,16,High,14076,0,0
18/04/2024,196,69,Male,149922.0,71,588.5,8191,1,4802,19,High,74341,1,0
15/01/2024,197,30,Male,44818.0,10,358.0,38160,1,19354,16,High,36085,0,0
12/02/2024,198,58,Male,120894.0,45,334.0,30000,0,7142,7,Medium,60571,0,0
29/01/2024,199,20,Female,135751.0,17,744.0,44040,2,10094,14,High,19715,0,0
05/02/2024,200,56,Female,24324.0,26,392.0,8631,0,1364,28,Medium,10750,0,0
13/01/2024,201,23,Male,96323.0,85,506.0,11172,0,16688,14,Low,83768,0,0
01/02/2024,202,25,Female,29111.0,92,652.0,47080,0,2863,25,Low,40903,1,0
11/03/2024,203,44,Male,58110.0,62,631.0,28561,1,17499,27,High,77489,1,0
28/02/2024,204,26,Female,36389.0,46,458.0,29817,1,8084,4,Low,37093,0,1
24/04/2024,205,54,Male,85375.5,64,323.0,25281,1,9016,26,Low,96036,0,0
26/03/2024,206,50,Male,61427.0,2,703.0,33671,2,3384,15,Low,92954,0,1
28/01/2024,207,68,Male,99579.0,54,815.0,30364,0,16072,3,High,39314,0,0
06/03/2024,208,59,Male,48746.0,65,663.0,46674,2,4935,5,High,53225,0,1
11/02/2024,209,61,Male,142883.0,51,681.0,32425,1,14127,1,Low,92985,1,0
14/02/2024,210,41,Male,107886.0,53,831.0,33602,2,15482,3,Medium,88014,1,0
02/03/2024,211,32,Female,127141.0,36,451.0,28253,0,8742,15,Low,40179,0,0
26/02/2024,212,49,Male,20117.0,26,719.0,28472,0,17165,24,High,30338,0,0
26/04/2024,213,49,Female,145808.0,29,549.0,13080,1,3490,27,High,97435,0,0
06/01/2024,214,41,Male,132221.0,21,416.0,12099,1,14324,8,High,74681,0,0
28/01/2024,215,58,Female,104471.0,11,811.0,30431,2,19108,29,Low,37101,0,0
28/01/2024,216,69,Female,132613.0,40,634.0,36186,1,2137,4,Medium,7775,0,0
17/04/2024,217,66,Female,85375.5,11,717.0,35111,1,4420,2,High,50619,1,0
13/02/2024,218,66,Male,149597.0,36,594.0,44851,0,6845,29,High,50838,0,0
24/03/2024,219,69,Male,123864.0,59,670.0,27614,1,4906,24,Low,24539,0,0
30/01/2024,220,29,Female,73441.0,39,485.0,31724,1,13413,24,Medium,62124,1,0
02/03/2024,221,56,Male,20846.0,99,545.0,29817,0,1276,10,Low,70149,1,0
15/03/2024,222,19,Female,30954.0,54,588.5,29817,0,19383,4,High,31616,0,1
28/04/2024,223,20,Male,85375.5,98,588.5,33758,2,18611,3,Medium,84655,0,0
01/04/2024,224,66,Female,133689.0,55,829.0,41224,1,7337,2,Medium,95695,0,0
29/03/2024,225,54,Female,66514.0,24,588.5,12788,0,12944,25,High,59567,1,1
12/04/2024,226,66,Male,108236.0,22,819.0,33082,2,16906,17,Medium,42099,0,0
02/03/2024,227,34,Female,85375.5,69,399.0,29034,2,18079,23,Medium,80831,0,0
06/04/2024,228,66,Male,148644.0,56,777.0,40479,1,13306,21,Low,66799,0,0
01/01/2024,229,19,Female,26469.0,33,597.0,29817,1,11503,24,High,95221,1,0
27/01/2024,230,19,Female,50105.0,36,825.0,23052,2,5208,20,High,30479,0,0
02/03/2024,231,45,Male,85375.5,20,633.0,21531,0,12590,23,High,51172,0,0
25/04/2024,232,40,Male,84323.0,83,301.0,27804,2,11886,13,High,60863,0,0
17/03/2024,233,54,Male,111922.0,99,588.5,33903,1,13866,5,High,47043,0,1
14/04/2024,234,49,Female,78067.0,81,592.0,49857,0,2088,21,Medium,87569,0,0
03/01/2024,235,50,Male,69376.0,62,617.0,15142,0,4363,9,Low,20408,1,0
12/04/2024,236,18,Female,65587.0,98,801.0,14866,2,1024,25,High,62980,1,0
10/03/2024,237,36,Female,85375.5,73,680.0,9531,1,10764,29,Low,87956,0,0
12/03/2024,238,19,Male,124587.0,26,588.5,43098,2,10959,25,Low,21351,0,0
27/01/2024,239,61,Male,147534.0,66,803.0,43278,2,13935,28,Medium,9131,0,0
09/01/2024,240,43,Female,87584.0,73,530.0,33138,2,9068,22,High,49825,0,1
02/03/2024,241,49,Female,124537.0,73,383.0,32065,0,19619,6,Medium,16349,0,1
06/02/2024,242,23,Male,98477.0,40,429.0,34956,0,8295,5,High,65931,1,0
06/04/2024,243,49,Male,85375.5,17,588.5,46732,1,9392,25,Medium,49254,0,0
20/02/2024,244,21,Male,62533.0,1,327.0,44261,1,12390,10,Low,43225,0,0
15/04/2024,245,28,Male,21828.0,89,365.0,29817,2,9448,8,High,17453,0,0
13/02/2024,246,34,Male,21917.0,61,462.0,29817,2,11433,7,Low,23814,1,0
24/01/2024,247,55,Female,40618.0,43,528.0,47533,2,16038,7,Low,23263,0,0
19/03/2024,248,41,Female,52254.0,42,560.0,33270,1,12528,6,Medium,82694,1,0
28/02/2024,249,22,Female,85375.5,25,748.0,18279,0,16743,21,High,20735,1,0
27/04/2024,250,69,Female,136714.0,39,723.0,29817,0,9605,29,Low,20830,0,1
01/02/2024,251,51,Male,67362.0,35,759.0,49251,2,3014,20,Medium,52893,0,0
05/04/2024,252,23,Male,40128.0,3,600.0,28888,2,2381,3,High,49673,0,0
28/03/2024,253,39,Male,143781.0,44,602.0,29817,2,2098,19,High,94462,0,0
14/04/2024,254,28,Female,131281.0,51,586.0,40144,2,10101,22,Low,50066,0,0
21/02/2024,255,65,Female,79383.0,94,694.0,36182,1,1187,15,High,8373,0,0
22/04/2024,256,33,Male,85375.5,98,309.0,30538,0,12948,4,Low,15335,0,0
02/03/2024,257,50,Male,102180.0,12,569.0,16824,2,11207,28,High,28741,0,0
22/04/2024,258,26,Female,107958.0,19,660.0,37125,1,3092,12,Medium,15692,0,0
27/02/2024,259,23,Female,85375.5,44,556.0,11979,2,19514,6,Low,52295,1,0
21/02/2024,260,33,Male,22219.0,59,432.0,31189,2,6242,19,Low,50541,0,0
12/01/2024,261,46,Male,59809.0,49,575.0,47600,0,9549,4,High,39057,0,0
08/02/2024,262,20,Female,136748.0,61,812.0,17504,2,6185,15,High,71983,0,1
02/01/2024,263,37,Male,25287.0,17,612.0,25669,0,16271,9,Low,24583,0,0
03/01/2024,264,53,Male,146593.0,74,588.5,29817,0,6776,5,High,27765,0,0
22/04/2024,265,36,Male,54387.0,57,420.0,39964,0,13449,13,Medium,64287,0,0
10/04/2024,266,43,Female,28512.0,55,406.0,29817,1,8823,23,High,28906,0,0
22/04/2024,267,20,Female,21342.0,47,503.0,30227,1,16717,26,Medium,90103,0,0
25/02/2024,268,36,Female,83076.0,12,464.0,10978,0,8355,18,Medium,84675,0,0
21/03/2024,269,37,Female,128872.0,62,604.0,26991,2,7465,5,Medium,51525,0,0
28/02/2024,270,49,Female,39216.0,80,796.0,22153,0,13737,25,Medium,43230,0,1
22/04/2024,271,24,Female,137512.0,88,455.0,38548,2,18881,16,Medium,24520,0,0
02/01/2024,272,69,Female,136682.0,83,588.5,47676,0,14324,27,High,90238,0,0
02/01/2024,273,58,Male,113070.0,8,550.0,44071,2,11350,19,Medium,56934,0,0
01/04/2024,274,50,Male,85375.5,95,633.0,8983,1,3555,14,High,30566,0,0
23/02/2024,275,57,Male,117829.0,21,810.0,14503,2,3951,25,Medium,78193,0,0
27/03/2024,276,56,Male,46614.0,81,592.0,34921,0,18622,16,Low,35134,0,0
10/04/2024,277,35,Male,56258.0,87,319.0,21905,1,5727,27,Medium,15345,0,0
05/04/2024,278,57,Male,113789.0,80,581.0,28953,2,6686,15,Low,46185,1,0
06/04/2024,279,18,Male,62078.0,70,300.0,31806,2,4701,22,Medium,97949,1,0
01/01/2024,280,28,Female,85375.5,72,418.0,27168,2,3780,4,Medium,75744,0,0
19/01/2024,281,45,Female,85375.5,25,334.0,29817,2,18972,7,Medium,38455,0,0
02/01/2024,282,42,Male,116573.0,82,497.0,43714,2,3368,16,Low,33018,0,0
22/02/2024,283,67,Male,32219.0,89,784.0,44896,1,16592,24,Low,59219,0,1
13/02/2024,284,40,Female,20235.0,12,358.0,16889,1,1436,22,Medium,50991,0,0
30/03/2024,285,48,Male,62929.0,15,460.0,29817,1,3828,21,High,78616,0,0
01/02/2024,286,47,Male,147309.0,59,505.0,17275,1,2556,22,Medium,92438,0,0
10/03/2024,287,59,Female,87444.0,26,311.0,7461,0,14364,21,Low,14486,1,0
01/02/2024,288,52,Male,28567.0,26,789.0,19291,1,16061,8,Medium,43862,0,0
28/04/2024,289,24,Female,121834.0,47,575.0,16435,2,11576,17,Low,63870,0,1
08/03/2024,290,33,Male,90792.0,32,588.5,32935,2,17566,16,Low,91694,0,0
24/02/2024,291,43,Female,85441.0,10,515.0,38453,1,8190,27,Low,48856,0,0
15/03/2024,292,65,Female,104555.0,16,550.0,23544,2,6565,23,Medium,91055,0,0
25/02/2024,293,69,Female,93698.0,71,425.0,17258,1,16369,10,Low,36379,0,0
17/01/2024,294,66,Male,144450.0,17,516.0,35841,2,2589,10,Low,69729,1,0
07/02/2024,295,19,Female,137248.0,23,605.0,15736,0,1159,27,Medium,33378,0,0
24/01/2024,296,18,Male,25415.0,26,484.0,42643,0,13145,2,Low,59353,0,0
09/03/2024,297,65,Male,85375.5,85,338.0,48950,1,16373,9,Medium,54996,1,0
25/04/2024,298,29,Male,63925.0,86,522.0,39964,1,7555,17,Low,19031,0,0
07/04/2024,299,22,Male,146523.0,7,483.0,33044,1,17237,11,High,85072,1,0
10/03/2024,300,54,Female,25951.0,14,794.0,44933,2,10203,10,High,70982,0,0
01/01/2024,301,49,Female,107388.0,79,588.5,20997,1,9244,22,Low,41683,0,0
11/01/2024,302,26,Male,28007.0,7,477.0,19215,0,15743,25,High,22618,0,0
21/04/2024,303,58,Male,146730.0,9,588.5,38069,2,14333,17,Medium,11587,0,0
16/01/2024,304,52,Female,61832.0,48,593.0,28911,1,14341,4,High,67790,0,0
06/04/2024,305,36,Male,78596.0,72,450.0,22030,2,19691,16,Low,36480,0,0
13/03/2024,306,65,Female,141101.0,59,683.0,34334,2,2228,20,Low,25527,1,0
28/02/2024,307,33,Male,50523.0,87,607.0,19571,1,6590,15,Medium,28569,1,0
10/03/2024,308,20,Male,108861.0,93,635.0,47719,2,6585,25,Low,16151,0,0
20/03/2024,309,37,Female,144194.0,82,674.0,33927,0,10227,27,Medium,76094,0,1
02/04/2024,310,41,Male,106740.0,95,307.0,25714,0,7046,21,High,64174,0,0
03/01/2024,311,50,Female,35524.0,94,640.0,48541,2,13237,5,High,49739,0,0
20/01/2024,312,41,Male,149028.0,39,428.0,28387,1,16649,6,Medium,37954,0,0
28/02/2024,313,69,Male,39282.0,99,651.0,33444,2,5945,17,Medium,40303,0,0
05/02/2024,314,28,Male,43930.0,18,657.0,24921,0,8927,1,Low,39700,0,0
19/01/2024,315,66,Female,85375.5,59,816.0,18057,2,13641,25,High,98036,0,0
30/03/2024,316,25,Male,125881.0,17,794.0,29858,2,16998,19,Medium,72568,1,0
07/03/2024,317,53,Male,145501.0,14,385.0,49638,0,14386,4,High,71788,0,0
19/01/2024,318,55,Male,40611.0,31,588.5,31062,2,8016,17,Medium,76045,0,0
20/01/2024,319,57,Male,36984.0,24,492.0,41850,2,15027,9,High,42842,0,0
05/04/2024,320,37,Female,34060.0,99,588.5,25567,1,16920,24,Low,18900,0,0
11/03/2024,321,52,Female,102985.0,60,418.0,34739,1,14752,2,High,85059,0,0
21/02/2024,322,65,Male,104056.0,45,517.0,48285,0,19268,8,High,6881,0,1
14/04/2024,323,42,Female,145329.0,98,726.0,8754,0,19193,15,High,38037,1,0
02/02/2024,324,52,Male,63303.0,3,713.0,32044,0,4167,7,High,6630,0,0
09/02/2024,325,42,Male,79207.0,37,588.5,6724,1,12989,27,High,25789,0,0
08/02/2024,326,46,Male,95046.0,43,444.0,6376,0,15087,6,Low,93059,1,0
22/03/2024,327,35,Female,49287.0,40,837.0,13706,0,3437,1,Medium,88494,1,0
13/04/2024,328,63,Female,113709.0,90,588.5,13894,0,16275,15,High,51151,0,0
01/01/2024,329,35,Female,59711.0,55,644.0,29817,1,6276,23,Low,53920,0,0
11/01/2024,330,19,Female,31954.0,87,300.0,23450,2,9859,26,High,72231,0,0
01/04/2024,331,52,Female,93340.0,39,446.0,21406,0,8818,7,High,85357,0,0
26/02/2024,332,33,Female,92101.0,15,586.0,34725,2,5728,29,Medium,8262,0,1
29/03/2024,333,58,Female,91520.0,4,352.0,10926,0,6738,25,High,71981,0,0
19/02/2024,334,53,Female,107062.0,93,603.0,44019,2,6793,17,Low,86972,0,0
23/01/2024,335,50,Female,122974.0,86,588.5,14496,1,5523,2,Low,80485,0,0
31/01/2024,336,21,Male,38574.0,25,660.0,41068,1,6571,27,Medium,59722,0,0
03/04/2024,337,50,Female,29184.0,13,519.0,34806,0,17209,9,High,94499,0,0
11/02/2024,338,31,Female,39096.0,82,460.0,27663,2,16246,29,Low,55818,0,0
08/04/2024,339,38,Female,87728.0,33,388.0,46321,1,11380,9,High,34932,0,0
07/01/2024,340,65,Female,54016.0,16,458.0,41495,0,3224,13,High,11901,0,1
16/01/2024,341,37,Female,31246.0,42,788.0,27656,0,9389,6,High,13597,0,1
30/03/2024,342,25,Female,65558.0,66,623.0,30860,1,16927,6,Medium,68909,0,1
21/04/2024,343,24,Female,138721.0,55,680.0,21832,1,12684,20,High,77391,0,0
25/04/2024,344,20,Female,38381.0,99,401.0,29817,0,11640,20,Low,89214,0,0
29/02/2024,345,34,Female,147796.0,42,793.0,26727,2,9662,21,High,13263,0,0
22/04/2024,346,50,Female,56455.0,34,318.0,47815,2,7361,3,Low,68293,1,0
02/01/2024,347,65,Female,112263.0,30,753.0,29817,2,2948,17,High,30805,1,0
01/01/2024,348,29,Male,24018.0,13,781.0,49522,0,13091,17,Low,96679,0,0
17/02/2024,349,68,Male,31302.0,13,696.0,7520,1,12992,12,Low,16874,0,0
12/01/2024,350,39,Female,87506.0,18,578.0,8081,0,7318,16,High,98065,0,0
09/03/2024,351,39,Female,61157.0,32,664.0,39196,1,13180,15,High,91402,0,0
06/02/2024,352,63,Male,74917.0,96,630.0,41735,2,1234,13,Low,19079,0,1
01/02/2024,353,47,Female,112738.0,99,643.0,44213,2,16372,23,Medium,54850,1,0
28/04/2024,354,55,Male,116646.0,39,754.0,19566,1,1522,1,High,77779,0,0
09/01/2024,355,55,Male,103122.0,46,364.0,19042,1,13718,17,Medium,14018,0,0
14/04/2024,356,62,Male,44519.0,29,375.0,30498,0,10821,3,High,54500,1,0
08/04/2024,357,68,Male,116809.0,62,442.0,16329,2,6832,26,High,17100,1,1
19/01/2024,358,25,Male,107487.0,93,772.0,36656,0,13820,15,High,62021,1,0
17/02/2024,359,44,Female,76819.0,62,716.0,7159,0,17211,4,High,24800,0,0
20/03/2024,360,44,Male,100910.0,57,604.0,42900,0,8122,4,Medium,68400,0,0
03/01/2024,361,51,Female,140430.0,16,796.0,24363,2,6842,18,High,97446,0,1
20/01/2024,362,38,Female,91324.0,56,590.0,29817,0,2316,17,Low,34437,0,0
24/01/2024,363,47,Male,25408.0,10,588.5,24033,0,14200,19,Low,81537,0,1
23/02/2024,364,50,Male,79379.0,30,588.5,29817,0,18508,11,Medium,51675,0,0
29/04/2024,365,45,Female,45053.0,25,302.0,40851,0,16206,20,High,24942,1,0
02/02/2024,366,64,Male,29446.0,84,384.0,31832,0,19971,3,Low,25862,0,0
24/01/2024,367,50,Male,85375.5,5,588.5,18944,0,2378,8,Medium,16669,0,1
25/04/2024,368,22,Female,118723.0,65,749.0,24873,2,2519,14,High,58772,0,0
15/03/2024,369,65,Female,71356.0,94,753.0,45372,0,8935,26,Low,20916,0,0
22/04/2024,370,36,Male,30789.0,49,520.0,28928,1,7093,1,Low,15878,0,0
12/03/2024,371,21,Female,117720.0,3,453.0,20379,0,6355,14,Medium,7985,0,0
05/02/2024,372,52,Male,86656.0,45,311.0,41751,0,10083,2,High,78648,0,0
07/02/2024,373,66,Male,85375.5,14,432.0,39546,2,6574,29,High,46235,0,1
13/04/2024,374,34,Male,84484.0,30,603.0,29286,2,14324,23,Low,23931,0,0
24/03/2024,375,61,Female,52154.0,68,592.0,10110,1,3257,4,Low,97876,1,0
08/04/2024,376,45,Female,85375.5,18,599.0,17087,1,14411,24,Low,5336,0,0
21/04/2024,377,47,Female,22336.0,62,342.0,28762,2,16233,27,High,47933,0,0
29/03/2024,378,46,Female,123677.0,37,642.0,22081,2,16887,29,Medium,89899,0,0
08/04/2024,379,63,Female,87779.0,25,625.0,39947,0,3005,19,Medium,50536,0,0
25/01/2024,380,23,Male,39029.0,48,588.5,14596,2,19400,6,High,74504,0,0
02/04/2024,381,52,Male,79201.0,65,663.0,43019,1,11860,25,Medium,56148,0,0
18/01/2024,382,58,Male,52265.0,53,726.0,47003,0,11070,1,Low,21279,1,0
19/04/2024,383,54,Male,122916.0,79,320.0,29817,1,10388,17,Medium,73665,1,0
22/03/2024,384,41,Female,132250.0,73,706.0,6013,0,19156,8,Medium,76386,0,0
06/03/2024,385,46,Male,136553.0,15,635.0,28705,2,19135,19,Medium,91124,1,1
23/02/2024,386,66,Female,63872.0,49,416.0,6828,1,15609,21,Low,82485,0,1
04/02/2024,387,63,Male,66197.0,88,423.0,12909,0,17363,1,High,79055,0,1
20/03/2024,388,48,Female,145733.0,68,698.0,43356,0,17923,5,Low,96911,0,0
01/03/2024,389,52,Female,75180.0,12,350.0,18109,2,15823,27,High,82273,0,0
10/02/2024,390,50,Male,85375.5,59,623.0,7023,2,18845,16,High,71670,1,0
09/04/2024,391,69,Male,49486.0,37,440.0,19537,2,9547,6,High,81474,0,0
02/02/2024,392,38,Male,85375.5,61,769.0,31661,1,12515,8,Medium,59028,1,0
08/03/2024,393,49,Male,148876.0,43,633.0,43659,0,1234,13,Medium,95022,0,0
01/01/2024,394,40,Female,91895.0,70,672.0,38848,2,15562,16,High,96632,0,0
14/01/2024,395,50,Male,84435.0,39,793.0,42804,1,18932,3,High,76128,0,0
21/01/2024,396,20,Male,60631.0,56,838.0,20379,1,8480,19,Medium,23108,0,1
17/02/2024,397,35,Female,85375.5,63,455.0,32766,1,5213,12,Low,57495,0,0
20/01/2024,398,42,Male,121532.0,46,590.0,48590,2,11293,16,High,87806,1,1
29/04/2024,399,59,Male,40103.0,88,443.0,7563,2,2673,27,Low,98185,0,0
08/01/2024,400,48,Male,84772.0,11,405.0,41060,0,3100,11,Medium,81533,1,0
07/01/2024,401,20,Male,85375.5,62,719.0,34197,0,12849,10,High,61830,1,0
07/03/2024,402,57,Male,85375.5,77,301.0,8586,2,19199,25,Low,79640,0,0
17/01/2024,403,63,Female,104291.0,98,588.5,29817,1,4841,20,Low,57509,1,1
02/02/2024,404,41,Male,121195.0,25,644.0,28225,1,11197,4,Low,71406,1,1
17/02/2024,405,67,Male,23756.0,71,649.0,34750,1,9016,12,Medium,99220,0,0
16/03/2024,406,49,Male,40609.0,52,758.0,11643,0,8011,23,Medium,44519,1,0
28/02/2024,407,64,Male,134074.0,4,562.0,32523,1,5493,2,Low,54649,1,1
24/04/2024,408,39,Male,36478.0,59,650.0,41727,0,18058,24,Low,39524,0,0
26/03/2024,409,40,Female,120978.0,72,407.0,16005,0,9578,22,Medium,38885,0,1
28/04/2024,410,19,Male,59666.0,20,338.0,48543,1,3158,19,Low,49369,1,0
22/01/2024,411,44,Female,85375.5,93,458.0,29817,1,3064,25,Low,35676,0,0
19/04/2024,412,59,Female,119097.0,63,611.0,21029,2,4253,5,Medium,69093,0,0
30/01/2024,413,19,Male,144714.0,54,540.0,19226,2,13828,8,Low,52764,0,0
07/02/2024,414,43,Male,85375.5,74,744.0,33731,1,2401,7,Low,55799,1,0
11/04/2024,415,34,Male,91315.0,98,597.0,48922,0,16193,14,Low,84414,0,0
18/04/2024,416,57,Male,85375.5,57,335.0,49848,0,13096,24,Medium,98095,1,0
20/02/2024,417,50,Female,146205.0,90,383.0,8390,0,5214,23,Low,77307,0,0
23/02/2024,418,26,Male,34153.0,41,751.0,10997,0,12023,3,Medium,87062,0,0
08/01/2024,419,60,Male,129415.0,3,684.0,17693,0,12950,18,Medium,36923,0,0
27/01/2024,420,65,Male,96325.0,6,471.0,47092,2,11704,16,High,83388,0,0
27/01/2024,421,56,Male,129701.0,5,675.0,5541,1,11343,23,High,52574,0,0
07/04/2024,422,46,Male,32999.0,5,661.0,29817,2,12867,19,Low,48391,1,0
21/01/2024,423,59,Male,75318.0,54,440.0,42861,0,3745,19,Medium,58664,1,1
30/01/2024,424,43,Female,20814.0,47,417.0,18428,0,4866,18,High,72384,0,1
06/04/2024,425,52,Female,135033.0,87,588.5,29817,0,12956,20,Low,36027,0,0
28/01/2024,426,67,Male,96077.0,49,519.0,15258,0,6818,16,High,40464,1,0
20/04/2024,427,42,Male,110474.0,9,325.0,21044,1,19606,8,High,39485,1,1
04/03/2024,428,41,Male,22443.0,99,820.0,34411,0,17093,28,Medium,24456,0,1
06/04/2024,429,30,Female,95993.0,20,309.0,29817,1,16493,1,Medium,79795,0,0
09/03/2024,430,24,Male,95916.0,61,677.0,33854,0,18908,17,High,40554,0,0
01/03/2024,431,53,Female,93319.0,35,451.0,11256,1,9224,12,High,51922,1,0
17/02/2024,432,62,Male,85375.5,50,348.0,15720,2,5025,21,Medium,18409,0,0
19/01/2024,433,37,Male,129777.0,82,453.0,38937,0,19950,11,Low,74327,0,0
04/01/2024,434,18,Male,37368.0,62,592.0,38598,1,7155,5,Medium,96400,0,0
04/02/2024,435,25,Male,35328.0,17,349.0,6651,2,14839,27,High,41639,1,1
04/03/2024,436,63,Female,85375.5,88,830.0,24194,0,1719,12,Low,68627,0,1
01/01/2024,437,33,Female,111751.0,3,588.5,30051,0,15890,17,High,88424,0,0
17/01/2024,438,31,Male,119131.0,32,466.0,32386,0,18356,6,Low,24692,0,0
13/02/2024,439,29,Male,47306.0,99,501.0,14518,1,19591,1,High,94037,0,0
01/04/2024,440,68,Female,105451.0,13,445.0,21184,1,5426,5,Low,83840,0,1
30/01/2024,441,40,Female,59915.0,89,738.0,38787,2,13512,25,Low,59200,1,0
02/04/2024,442,32,Female,57219.0,73,541.0,26621,1,16064,28,High,98063,1,0
15/02/2024,443,45,Female,100879.0,68,782.0,15028,1,14767,14,Low,62415,1,0
26/04/2024,444,51,Male,131939.0,14,407.0,17448,0,12308,5,Medium,23074,1,0
06/01/2024,445,19,Female,84644.0,98,588.5,29817,0,12477,22,High,20549,0,0
08/04/2024,446,49,Male,80279.0,11,731.0,35447,0,13903,24,Medium,34963,1,0
14/04/2024,447,40,Female,73028.0,56,718.0,23394,0,9680,27,High,96456,0,0
06/02/2024,448,39,Female,124263.0,67,754.0,39501,0,3204,1,Low,57265,0,1
24/01/2024,449,68,Female,20126.0,92,588.5,35254,0,2102,18,Low,21061,1,1
02/04/2024,450,42,Female,72329.0,29,822.0,23509,0,6243,16,Low,63226,0,1
22/04/2024,451,39,Female,47632.0,9,376.0,19472,2,7614,9,High,33810,0,0
15/02/2024,452,39,Male,127099.0,67,808.0,8471,2,17299,19,Medium,65006,0,0
22/02/2024,453,66,Male,85310.0,25,740.0,29817,2,9707,22,Medium,27800,0,0
04/04/2024,454,69,Female,85375.5,98,553.0,29817,2,14913,5,High,80476,0,1
08/04/2024,455,59,Female,75176.0,76,619.0,13329,0,1630,27,High,74460,1,0
29/02/2024,456,23,Male,139797.0,42,562.0,29817,2,12908,2,Medium,62767,1,0
06/04/2024,457,32,Female,106066.0,9,673.0,33272,0,11847,15,Medium,33054,0,0
25/04/2024,458,60,Female,125500.0,79,466.0,47845,2,10171,7,Medium,80319,0,0
03/03/2024,459,54,Male,146413.0,40,758.0,29817,1,13721,4,Medium,50397,0,0
25/03/2024,460,50,Female,64327.0,25,579.0,37373,2,17661,1,High,18233,1,0
01/02/2024,461,25,Female,85375.5,5,601.0,40525,2,17616,13,High,95020,0,0
27/03/2024,462,61,Male,23797.0,11,588.5,29570,0,10744,20,Low,30068,0,0
02/02/2024,463,61,Male,67882.0,59,517.0,23284,2,6690,22,Medium,70727,0,1
07/03/2024,464,22,Male,33718.0,98,401.0,23994,1,14401,7,Low,95610,0,0
18/01/2024,465,56,Female,54560.0,88,587.0,28284,0,8659,15,High,75453,0,0
25/01/2024,466,21,Male,96589.0,79,466.0,22833,0,11601,23,High,30832,1,0
15/04/2024,467,23,Male,42116.0,38,335.0,30122,2,12704,14,Low,91242,0,1
04/04/2024,468,62,Male,56244.0,72,652.0,10017,0,1025,23,Medium,18682,0,0
23/02/2024,469,49,Male,121721.0,5,372.0,21370,0,16384,19,Medium,97298,0,1
27/02/2024,470,69,Male,21645.0,48,652.0,34252,0,14705,22,Medium,28383,0,0
07/03/2024,471,47,Male,67523.0,90,588.5,12999,0,9652,29,Medium,63160,0,1
13/04/2024,472,64,Female,144085.0,18,724.0,29817,0,14379,24,Low,98332,0,1
15/02/2024,473,52,Female,137718.0,70,588.5,47963,0,8006,20,Low,28666,0,0
24/01/2024,474,57,Male,39256.0,37,727.0,7096,1,19378,29,High,63817,0,0
23/04/2024,475,69,Male,121376.0,60,838.0,30279,2,9682,24,Medium,96198,1,0
01/02/2024,476,33,Male,120158.0,48,459.0,48363,1,2072,18,Medium,39642,0,0
16/02/2024,477,30,Female,73173.0,77,448.0,31201,0,1215,10,Medium,46830,1,0
26/03/2024,478,67,Female,57430.0,28,588.5,24715,0,10915,9,Low,15234,0,0
01/01/2024,479,59,Female,85375.5,69,588.5,34309,2,10784,25,Medium,62616,1,0
06/03/2024,480,47,Female,139719.0,77,680.0,20078,1,19990,8,Low,14221,0,0
27/01/2024,481,36,Female,83374.0,81,357.0,10105,2,15824,26,Medium,16410,1,0
15/04/2024,482,34,Female,88244.0,40,558.0,34312,1,4313,29,Medium,85055,0,0
02/01/2024,483,36,Female,31694.0,45,641.0,7839,0,12033,10,High,66413,0,0
30/03/2024,484,45,Female,76264.0,96,429.0,8384,2,10968,17,Medium,6051,1,0
17/01/2024,485,43,Female,95060.0,62,471.0,48619,2,17241,2,Medium,80301,0,0
13/04/2024,486,54,Male,117416.0,93,508.0,47821,0,6939,6,High,81918,0,0
02/02/2024,487,43,Male,77545.0,58,653.0,18493,2,15696,26,Low,83116,0,1
09/01/2024,488,40,Male,138195.0,67,770.0,22069,1,15794,5,Low,61563,0,0
12/02/2024,489,26,Male,59224.0,56,415.0,29817,1,3295,28,Medium,49757,0,0
27/04/2024,490,29,Female,122516.0,40,563.0,42051,1,2696,9,Low,82475,0,0
17/02/2024,491,18,Female,117945.0,98,741.0,12736,1,12185,5,Medium,56257,0,1
08/02/2024,492,18,Male,33224.0,40,847.0,12710,0,19330,18,High,5307,1,1
02/04/2024,493,64,Female,60738.0,91,752.0,6619,2,13001,26,High,61889,0,1
11/02/2024,494,51,Male,45150.0,77,776.0,29817,1,15350,20,Medium,73895,1,0
28/04/2024,495,49,Female,83731.0,33,586.0,28252,0,4644,9,High,40944,1,0
26/01/2024,496,65,Male,69688.0,6,602.0,20261,2,7420,17,High,43134,0,0
08/04/2024,497,42,Female,119929.0,88,610.0,6431,2,12837,27,Medium,32323,0,0
19/02/2024,498,57,Female,128618.0,19,507.0,14067,0,7353,17,Medium,76762,0,1
25/01/2024,499,62,Male,93509.0,80,745.0,42481,0,11541,12,High,92225,0,0
24/01/2024,500,18,Female,28577.0,40,354.0,29817,1,2932,7,Low,30954,1,0
