Date,Customer_ID,Age,Gender,Income,Spending_Score,Credit_Score,Loan_Amount,Previous_Defaults,Marketing_Spend,Purchase_Frequency,Seasonality,Sales,Customer_Churn,Defaulted,Predicted_Sales
12/04/2024,1,56,Female,142418.0,7,391.0,8083,1,15376,3,1,32526,0,0,54996.96510533918
21/02/2024,2,69,Male,63088.0,82,652.0,34328,2,6889,6,1,78493,0,0,54291.672549957766
02/04/2024,3,46,Male,136868.0,91,662.0,47891,2,6054,29,2,57198,1,0,52067.63858062143
15/01/2024,4,32,Female,85375.5,34,644.0,25103,2,4868,8,2,48395,0,0,51969.07878673874
16/04/2024,5,60,Male,59811.0,91,469.0,44891,1,17585,12,0,29031,1,0,57335.18217483978
12/03/2024,6,25,Male,134825.0,17,655.0,15754,1,19881,13,1,80542,0,0,55371.34273724601
01/03/2024,7,38,Female,75479.0,43,490.0,39447,1,2842,11,2,42701,1,1,51800.712730746905
21/01/2024,8,56,Male,85375.5,59,721.0,20901,2,11058,12,2,30939,1,0,52483.48445632881
12/04/2024,9,36,Male,107369.0,51,306.0,38004,1,10101,1,2,54145,0,0,52403.95517914017
23/03/2024,10,40,Male,137520.0,54,432.0,12446,0,13497,17,2,25324,0,1,52686.17192452432
27/03/2024,11,28,Female,39963.0,24,330.0,42211,0,5658,16,2,27867,0,0,52034.72991419854
15/03/2024,12,28,Female,75123.0,25,834.0,29817,1,12381,11,1,5203,0,1,54748.072539842855
15/03/2024,13,41,Female,145911.0,71,725.0,31116,0,8544,13,1,21544,0,1,54429.207506851395
28/03/2024,14,53,Male,122468.0,52,693.0,46323,0,8718,18,1,20899,0,0,54443.66737543115
26/04/2024,15,57,Male,112705.0,70,588.5,23752,2,14851,11,1,34063,0,0,54953.33619152096
09/04/2024,16,41,Female,93477.0,88,736.0,37376,1,18154,28,0,95880,0,0,57382.467607149425
13/04/2024,17,20,Male,34388.0,33,381.0,21669,1,12777,12,1,8748,1,1,54780.98120626574
24/01/2024,18,39,Male,25569.0,49,655.0,37916,2,2628,6,2,71629,0,0,51782.92875444767
03/01/2024,19,19,Female,89836.0,29,557.0,29817,0,1386,9,1,85764,0,0,53834.35843044983
22/01/2024,20,41,Female,124573.0,63,823.0,25421,0,7031,16,0,25884,0,1,56458.11635305406
22/02/2024,21,61,Male,56586.0,22,594.0,31342,1,7439,4,2,30183,1,1,52182.73581040854
02/01/2024,22,47,Male,147018.0,26,588.5,9895,0,14392,3,1,86570,0,1,54915.19205543988
28/03/2024,23,55,Male,32015.0,28,588.5,29817,2,19850,28,1,76246,0,0,55368.76655376341
17/04/2024,24,19,Female,65002.0,85,588.5,15699,2,3282,16,1,24259,0,1,53991.92113635335
30/01/2024,25,38,Female,136594.0,49,412.0,14715,1,2856,24,2,40959,0,0,51801.876168448725
07/02/2024,26,50,Female,26254.0,71,532.0,24169,2,16670,27,2,38457,0,1,52949.856769372345
02/01/2024,27,29,Female,37144.0,81,316.0,21163,2,2998,26,0,90679,1,0,56122.96319223713
04/03/2024,28,39,Male,44214.0,84,659.0,10782,1,6476,25,2,7103,1,0,52102.70791706198
29/02/2024,29,61,Female,85375.5,49,588.5,27641,2,10428,12,2,70901,0,0,52431.12975974695
21/01/2024,30,42,Female,100719.0,20,747.0,29817,2,5669,11,1,49535,1,0,54190.28726451352
02/02/2024,31,66,Female,91774.0,86,588.5,40585,2,13336,5,2,21103,0,0,52672.7923909534
16/03/2024,32,44,Female,26090.0,92,625.0,29817,0,10342,25,1,95012,0,0,54578.62614884218
27/02/2024,33,59,Female,31637.0,63,766.0,29817,1,8064,18,1,83278,1,0,54389.318214217594
22/01/2024,34,45,Male,42415.0,61,713.0,43067,1,8446,19,2,17391,0,0,52266.42022224654
17/04/2024,35,33,Male,44071.0,49,588.5,47685,1,18815,23,0,33901,1,1,57437.39848721389
29/03/2024,36,32,Female,78243.0,71,532.0,23073,0,6624,23,0,86159,0,0,56424.293557008314
18/02/2024,37,64,Male,130951.0,1,523.0,41035,0,8461,6,2,72914,0,0,52267.66676264135
31/03/2024,38,68,Female,85375.5,96,711.0,42174,1,2819,22,0,55357,0,0,56108.087810192446
28/02/2024,39,61,Female,85375.5,13,634.0,29837,0,11516,18,1,91908,0,0,54676.18871040902
11/02/2024,40,69,Male,61240.0,94,521.0,22826,1,14749,26,1,43437,0,0,54944.859716836276
01/04/2024,41,20,Male,146146.0,87,336.0,29817,0,18514,6,2,40503,1,0,53103.098135240536
29/02/2024,42,54,Female,103807.0,51,577.0,15382,2,3658,4,0,98459,0,0,56177.81096960861
20/03/2024,43,68,Female,121570.0,56,495.0,9437,2,4500,12,0,80403,1,1,56247.78343710374
15/01/2024,44,24,Female,53434.0,83,783.0,10435,1,3120,19,1,46258,1,1,53978.45850008944
02/03/2024,45,38,Male,89724.0,62,541.0,29819,0,5020,29,2,38724,0,0,51981.71039607278
02/03/2024,46,26,Female,135359.0,32,588.5,41875,0,11213,27,0,69286,0,1,56805.65181512605
16/02/2024,47,56,Female,95697.0,30,491.0,36982,2,4259,29,2,79842,0,0,51918.46924670961
02/03/2024,48,35,Female,48732.0,29,316.0,38328,2,11081,2,0,19908,0,0,56794.68225965176
20/02/2024,49,21,Male,141465.0,49,823.0,17329,0,2823,17,1,97617,1,0,53953.77700027227
17/04/2024,50,42,Female,31314.0,45,700.0,29817,0,18858,11,1,55626,0,0,55286.328682320214
24/02/2024,51,31,Female,43954.0,93,321.0,26932,0,19626,11,2,42228,0,0,53195.50832984218
25/04/2024,52,67,Male,77108.0,30,773.0,39594,0,14467,21,1,28386,0,0,54921.424757413915
04/03/2024,53,26,Female,107044.0,16,419.0,16421,0,7990,16,0,51754,0,0,56537.81183562867
03/01/2024,54,43,Female,107505.0,40,509.0,12629,0,4134,2,1,33302,0,0,54062.72463077834
10/04/2024,55,19,Male,131195.0,19,605.0,13325,1,19454,2,2,65815,0,0,53181.2146666484
20/02/2024,56,37,Female,123081.0,18,569.0,33495,0,17743,23,2,89748,0,0,53039.025958947495
07/01/2024,57,45,Male,56668.0,1,584.0,36750,2,16434,8,2,68344,0,0,52930.2445338274
21/01/2024,58,64,Male,43061.0,78,526.0,34619,1,16007,13,0,40618,0,0,57204.04612530615
13/03/2024,59,24,Female,99252.0,47,680.0,45461,0,11233,10,0,81234,0,0,56807.313868985795
08/02/2024,60,61,Female,59749.0,66,588.5,29817,2,17378,8,0,66114,0,0,57317.97991739145
18/01/2024,61,25,Female,149668.0,92,306.0,17686,1,2141,4,0,75130,1,1,56051.7441843472
04/01/2024,62,64,Female,124680.0,94,328.0,29226,2,19019,15,0,30525,0,0,57454.35143658326
29/03/2024,63,52,Male,36907.0,38,332.0,11721,0,11135,1,1,84818,0,0,54644.52658438094
29/02/2024,64,31,Female,38777.0,51,378.0,25609,0,13966,11,0,19334,0,0,57034.43352891951
14/01/2024,65,34,Male,113229.0,63,758.0,12373,0,4361,7,0,99715,0,0,56236.232162778535
23/04/2024,66,53,Female,71745.0,4,837.0,43675,0,8835,17,1,67767,1,0,54453.39039051064
09/01/2024,67,67,Female,128464.0,1,781.0,33937,1,12172,27,0,11644,0,0,56885.347297700675
30/03/2024,68,57,Female,148077.0,8,729.0,10656,1,17390,20,2,37933,0,0,53009.690708323054
22/02/2024,69,21,Male,111865.0,29,584.0,13984,2,4267,24,0,48469,1,0,56228.42050963775
02/01/2024,70,19,Female,132428.0,55,815.0,34984,0,7564,18,0,38687,0,0,56502.410088416174
24/03/2024,71,23,Female,101818.0,3,398.0,13286,2,19990,22,2,57656,0,0,53225.75771008948
01/04/2024,72,59,Female,85375.5,32,696.0,10901,1,12411,29,2,22375,0,0,52595.92239994034
20/04/2024,73,21,Female,43321.0,10,788.0,36552,0,6906,22,2,70206,0,0,52138.44207504643
29/02/2024,74,46,Male,30488.0,74,338.0,30709,0,17028,12,2,41607,0,0,52979.60753346173
11/03/2024,75,35,Female,42574.0,83,570.0,36055,1,8611,9,0,88178,0,0,56589.418607973654
13/02/2024,76,43,Male,25240.0,34,456.0,42685,1,18297,5,2,28993,1,0,53085.06485086234
08/01/2024,77,61,Male,63221.0,97,374.0,13429,1,3011,10,2,49386,1,0,51814.757085861725
16/02/2024,78,51,Male,30478.0,87,429.0,19716,1,18826,4,1,51287,0,0,55283.66939614463
04/02/2024,79,27,Male,148055.0,55,588.5,16138,1,12246,5,2,91724,0,0,52582.21045559747
18/03/2024,80,53,Male,75645.0,92,321.0,40298,0,14790,28,2,98308,1,1,52793.623706556624
21/03/2024,81,31,Male,130698.0,32,758.0,28429,1,12738,28,1,81312,0,0,54777.74020123924
05/02/2024,82,48,Female,39262.0,50,838.0,10772,0,15730,10,1,80324,1,1,55026.38345865661
19/02/2024,83,65,Male,138831.0,7,681.0,29817,0,12120,11,0,76196,1,0,56881.02595766534
13/04/2024,84,32,Male,72796.0,93,739.0,44905,1,19213,21,1,75014,0,0,55315.83013833063
04/01/2024,85,25,Male,24432.0,8,320.0,22347,1,9767,24,0,13210,0,0,56685.48532106673
02/01/2024,86,31,Female,85375.5,65,602.0,21920,0,14703,10,1,15922,0,0,54941.03699295887
06/01/2024,87,40,Female,84291.0,57,383.0,36822,1,1929,28,1,41289,0,0,53879.48319274181
23/02/2024,88,57,Male,99104.0,67,752.0,45108,1,12951,8,0,38340,1,0,56950.084295537614
15/04/2024,89,38,Female,79399.0,88,686.0,28563,1,16845,2,1,44850,0,0,55119.04296133721
04/01/2024,90,33,Male,147600.0,87,806.0,12967,2,18438,23,0,61984,1,0,57406.06877195776
23/02/2024,91,62,Male,99714.0,59,556.0,16871,0,16747,8,1,89178,0,0,55110.89889742448
02/04/2024,92,35,Female,70428.0,72,826.0,33763,2,6744,16,2,16094,0,1,52124.97943878252
03/03/2024,93,64,Male,107731.0,54,461.0,16916,1,19284,27,1,92959,0,0,55321.73042953272
18/01/2024,94,41,Female,145646.0,67,462.0,13734,2,10649,22,0,38418,0,0,56758.78189628134
30/03/2024,95,43,Female,85375.5,51,823.0,38613,1,7980,5,1,10741,0,0,54382.33758800668
13/02/2024,96,42,Male,102558.0,97,570.0,33179,2,8069,27,0,77374,0,0,56544.37694837465
03/02/2024,97,62,Male,20055.0,92,791.0,40262,1,10591,25,0,73798,1,0,56753.961940088084
14/03/2024,98,58,Female,131317.0,8,507.0,17677,2,1442,29,2,75532,0,1,51684.368960564985
02/03/2024,99,46,Male,28717.0,34,838.0,23268,2,5652,3,2,27164,0,0,52034.23129804062
09/04/2024,100,32,Male,147449.0,35,359.0,29817,2,10370,12,0,40595,0,0,56735.596244937944
14/01/2024,101,62,Male,48699.0,96,729.0,29817,0,8597,13,1,35257,1,0,54433.61194957971
04/04/2024,102,18,Female,85375.5,88,608.0,42947,2,15325,13,0,19211,0,1,57147.37008868896
17/02/2024,103,42,Female,87661.0,78,819.0,32286,0,5458,10,0,10232,0,0,56327.395816985365
15/01/2024,104,24,Male,64247.0,32,326.0,29817,1,7591,4,1,72753,1,0,54350.0106404347
12/03/2024,105,26,Female,134049.0,46,498.0,11430,2,17346,9,1,57691,1,1,55160.67741052374
18/03/2024,106,41,Female,36748.0,16,686.0,44922,1,12826,22,1,94765,0,0,54785.053238222106
27/03/2024,107,18,Female,125113.0,68,588.5,18828,1,19693,24,1,84768,0,1,55355.71943096443
02/03/2024,108,61,Female,24621.0,37,835.0,47913,2,15138,23,0,30613,0,0,57131.82988510037
09/02/2024,109,25,Female,35034.0,54,677.0,36497,0,18294,27,0,19026,0,0,57394.10198416762
25/03/2024,110,41,Male,131927.0,85,826.0,44256,2,3169,2,2,58535,1,0,51827.88731135368
01/01/2024,111,28,Male,147858.0,14,452.0,41618,1,19556,19,0,99090,0,0,57498.97758271732
18/04/2024,112,68,Male,25126.0,95,505.0,29817,1,7313,1,1,35908,1,1,54326.908091784295
22/03/2024,113,34,Female,25122.0,55,754.0,35158,2,9315,25,2,57113,0,0,52338.63646245232
20/04/2024,114,25,Female,38030.0,48,572.0,30032,0,9036,29,1,24610,0,0,54470.09403180105
22/02/2024,115,52,Male,102838.0,82,588.5,42846,0,1785,7,0,51646,0,0,56022.1596256438
24/01/2024,116,52,Female,104717.0,7,820.0,49936,1,7139,17,2,68185,0,0,52157.80500251242
26/01/2024,117,50,Male,75658.0,74,800.0,34794,1,7344,3,1,77567,1,0,54329.48427526689
29/03/2024,118,22,Male,58638.0,7,416.0,10448,0,19800,20,2,52574,1,0,53209.968198421935
29/02/2024,119,59,Male,87067.0,33,685.0,33861,2,15973,20,2,96051,0,0,52891.93419236035
18/04/2024,120,56,Female,126476.0,23,643.0,33141,1,6619,21,0,41182,0,0,56423.87804354337
10/02/2024,121,58,Female,138033.0,85,694.0,14074,0,2936,3,1,5570,0,0,53963.16760457981
29/01/2024,122,45,Male,125977.0,19,363.0,11406,1,4807,3,2,24288,0,0,51964.00952246653
15/01/2024,123,24,Male,108869.0,19,371.0,36823,2,8151,17,2,83824,0,0,52241.904927815354
14/02/2024,124,26,Male,85375.5,36,573.0,28291,0,10493,7,1,34877,0,1,54591.17465548323
05/03/2024,125,25,Male,54674.0,29,619.0,46568,1,13355,27,2,89425,0,1,52674.371342120154
29/03/2024,126,29,Female,55854.0,60,637.0,37003,2,4236,26,2,5917,1,0,51916.557884770904
11/03/2024,127,51,Female,66271.0,82,665.0,29817,1,16848,14,2,80602,0,0,52964.64904872405
09/01/2024,128,50,Male,93688.0,2,794.0,28312,2,3352,17,1,69575,0,0,53997.73832486244
28/03/2024,129,65,Male,58518.0,1,465.0,48108,2,2932,18,1,77518,0,0,53962.83519380786
01/01/2024,130,40,Female,131076.0,47,843.0,6382,0,11913,13,1,44104,0,0,54709.1804795249
17/04/2024,131,41,Female,30267.0,69,310.0,39171,2,9556,20,1,23062,0,0,54513.30743215433
08/01/2024,132,54,Male,110825.0,20,600.0,29817,1,6498,29,0,21999,1,0,56413.82261769194
28/03/2024,133,52,Male,21062.0,11,588.5,8292,2,11582,20,2,66845,1,1,52527.03026745405
03/03/2024,134,61,Male,136664.0,2,588.5,46779,2,18330,21,1,14941,0,0,55242.45046042303
11/01/2024,135,57,Female,85375.5,67,691.0,38187,0,14865,27,2,66169,0,0,52799.85640853066
24/04/2024,136,39,Female,85375.5,87,513.0,17411,2,10569,18,2,28470,0,0,52442.847239458126
21/03/2024,137,44,Female,26229.0,12,588.5,42285,2,18823,4,0,64821,1,0,57438.06330875779
08/01/2024,138,52,Male,85375.5,20,700.0,20422,1,5857,1,1,91669,0,1,54205.910570795095
04/02/2024,139,18,Male,85375.5,5,345.0,47468,0,1340,18,1,49435,0,0,53830.535706572424
04/02/2024,140,52,Female,67915.0,37,762.0,37371,0,12181,1,2,9529,0,0,52576.808780553314
02/02/2024,141,54,Female,24632.0,38,588.5,10693,0,17766,26,1,88055,0,0,55195.58054157832
05/01/2024,142,64,Male,85375.5,94,588.5,38535,2,9491,26,2,17192,0,0,52353.26253641805
15/04/2024,143,31,Female,85375.5,9,391.0,19818,0,1138,13,2,79102,1,0,51659.10574189691
12/04/2024,144,20,Female,129779.0,98,541.0,36238,2,1358,20,0,77762,0,1,55986.67477573831
10/02/2024,145,18,Male,26168.0,53,301.0,35874,2,10714,20,0,91795,0,1,56764.1835713255
28/01/2024,146,22,Female,128099.0,44,524.0,31715,1,2627,23,0,39087,0,0,56092.13209313892
07/01/2024,147,43,Male,27561.0,99,415.0,32605,1,16996,10,2,71677,1,0,52976.94824728614
13/03/2024,148,31,Male,93794.0,86,402.0,39317,1,6004,27,1,9627,1,1,54218.1266666642
12/03/2024,149,56,Male,102152.0,24,493.0,36174,1,14283,11,0,61541,0,0,57060.77708259641
12/01/2024,150,44,Male,145036.0,81,465.0,14956,1,7652,9,1,73226,1,0,54355.079904706916
03/02/2024,151,26,Male,144049.0,74,389.0,43908,2,3151,9,0,8255,0,0,56135.67790426416
02/02/2024,152,32,Male,46734.0,30,588.5,15837,2,10429,5,0,62433,0,0,56740.49930382418
17/02/2024,153,32,Male,26371.0,59,442.0,29817,0,15072,26,2,10213,0,0,52817.058665978984
28/04/2024,154,43,Female,138894.0,87,405.0,9481,2,12927,1,0,24404,0,0,56948.08983090593
23/01/2024,155,59,Male,46069.0,96,727.0,29282,2,7905,17,0,30380,0,0,56530.74810672477
02/03/2024,156,30,Male,99905.0,81,604.0,11548,1,13452,22,2,96056,0,0,52682.4323033399
28/03/2024,157,68,Female,32910.0,81,616.0,29817,2,17212,2,1,24173,0,0,55149.54164966347
06/02/2024,158,49,Female,93479.0,14,308.0,12758,1,19951,24,0,58027,1,1,57531.80314644722
08/04/2024,159,56,Female,85375.5,9,372.0,48668,0,2307,13,2,28989,0,1,51756.25278999881
13/02/2024,160,66,Male,101264.0,40,658.0,28177,0,15852,9,0,29519,0,1,57191.16520789315
13/04/2024,161,69,Female,43275.0,66,522.0,29022,2,3660,29,2,27439,0,0,51868.69073361034
26/03/2024,162,49,Male,92274.0,25,588.5,45761,0,11403,4,1,81949,0,0,54666.79810610148
31/03/2024,163,21,Male,85375.5,73,669.0,10542,2,11238,5,1,19995,0,0,54653.08616175861
04/02/2024,164,47,Male,120776.0,22,563.0,30476,0,7207,11,2,28559,0,0,52163.45598563554
05/03/2024,165,54,Male,80004.0,4,617.0,35784,1,2140,24,2,94049,1,0,51742.37464026997
08/04/2024,166,40,Female,82981.0,26,383.0,27740,1,2708,19,2,10021,0,0,51789.576969886635
10/04/2024,167,56,Female,104659.0,58,617.0,29817,1,4630,21,1,26119,0,0,54103.94356649994
16/02/2024,168,62,Male,74553.0,29,410.0,21052,1,11485,3,0,56539,1,1,56828.25574761855
18/03/2024,169,32,Male,68447.0,98,550.0,40153,2,13021,12,1,99835,0,0,54801.25826335459
03/01/2024,170,60,Male,54529.0,87,682.0,5671,0,17859,26,2,44350,0,0,53048.66587133399
01/01/2024,171,46,Female,146394.0,37,306.0,5163,2,8684,19,2,51223,0,0,52286.19866317747
05/01/2024,172,53,Male,95703.0,75,758.0,29817,1,2207,19,1,30517,0,1,53902.58574139223
30/03/2024,173,30,Male,96090.0,70,383.0,49002,2,14331,13,2,83653,0,0,52755.47957047555
28/04/2024,174,49,Female,37260.0,18,507.0,9795,0,2960,28,1,27250,0,1,53965.1620692115
14/01/2024,175,24,Female,132581.0,85,689.0,15634,2,1557,7,2,89486,0,1,51693.925770258495
12/04/2024,176,68,Male,23812.0,42,613.0,9798,0,16883,15,0,87895,0,0,57276.84408436284
27/01/2024,177,39,Female,48024.0,41,321.0,27420,2,14893,23,0,94132,1,0,57111.46972531854
09/01/2024,178,45,Female,78656.0,38,709.0,34300,0,1882,7,2,96066,0,0,51720.9341454793
19/03/2024,179,19,Male,136148.0,34,814.0,29345,0,5761,26,1,71798,0,0,54197.93271226833
15/01/2024,180,59,Female,47285.0,17,426.0,15749,1,6867,8,0,59199,1,0,56444.48751140417
30/03/2024,181,62,Male,112436.0,37,313.0,43595,0,13869,5,1,64546,0,0,54871.72934700764
11/02/2024,182,23,Female,136421.0,25,311.0,30121,1,8166,21,2,93151,0,1,52243.151468210155
17/03/2024,183,45,Male,21605.0,76,386.0,42487,1,13982,14,1,8327,1,1,54881.11995131518
20/02/2024,184,45,Male,91158.0,87,823.0,33411,1,8929,4,0,34768,0,0,56615.845264343545
03/03/2024,185,61,Male,92303.0,86,836.0,38361,2,6347,23,1,69418,0,0,54246.63089035876
05/04/2024,186,61,Female,47139.0,85,600.0,26223,2,8269,10,1,99386,1,0,54406.35426627995
12/04/2024,187,37,Male,97149.0,27,542.0,12394,2,14527,20,2,47788,0,0,52771.76769830102
22/04/2024,188,47,Female,76138.0,57,421.0,19056,2,3454,15,2,87384,0,0,51851.571578855
21/02/2024,189,28,Male,138205.0,31,446.0,33380,0,19330,18,2,51830,0,0,53170.909932718
05/04/2024,190,45,Male,96125.0,6,655.0,31035,0,13991,20,0,57446,0,0,57036.51109624418
04/01/2024,191,42,Female,33918.0,91,608.0,35620,2,3808,13,0,20160,0,0,56190.27637355668
03/04/2024,192,56,Male,105655.0,40,587.0,24877,0,7642,29,2,61583,1,1,52199.605657084925
10/04/2024,193,50,Male,47446.0,98,606.0,48404,0,4825,8,2,38998,0,0,51965.5053709403
23/01/2024,194,18,Female,85375.5,12,848.0,35911,1,4536,9,0,32230,1,0,56250.77513405127
12/04/2024,195,44,Male,33046.0,53,651.0,37784,1,16309,16,0,14076,0,0,57229.14313858825
18/04/2024,196,69,Male,149922.0,71,588.5,8191,1,4802,19,0,74341,1,0,56272.88045038584
15/01/2024,197,30,Male,44818.0,10,358.0,38160,1,19354,16,0,36085,0,0,57482.190838733935
12/02/2024,198,58,Male,120894.0,45,334.0,30000,0,7142,7,2,60571,0,0,52158.05431059138
29/01/2024,199,20,Female,135751.0,17,744.0,44040,2,10094,14,0,19715,0,0,56712.659901673505
05/02/2024,200,56,Female,24324.0,26,392.0,8631,0,1364,28,2,10750,0,0,51677.88695051199
13/01/2024,201,23,Male,96323.0,85,506.0,11172,0,16688,14,1,83768,0,0,55105.995838538234
01/02/2024,202,25,Female,29111.0,92,652.0,47080,0,2863,25,1,40903,1,0,53957.10110799175
11/03/2024,203,44,Male,58110.0,62,631.0,28561,1,17499,27,0,77489,1,0,57328.03534324289
28/02/2024,204,26,Female,36389.0,46,458.0,29817,1,8084,4,1,37093,0,1,54390.980268077335
24/04/2024,205,54,Male,85375.5,64,323.0,25281,1,9016,26,1,96036,0,0,54468.431977941305
26/03/2024,206,50,Male,61427.0,2,703.0,33671,2,3384,15,1,92954,0,1,54000.397611038024
28/01/2024,207,68,Male,99579.0,54,815.0,30364,0,16072,3,0,39314,0,0,57209.44780035031
06/03/2024,208,59,Male,48746.0,65,663.0,46674,2,4935,5,0,53225,0,1,56283.93310855312
11/02/2024,209,61,Male,142883.0,51,681.0,32425,1,14127,1,1,92985,1,0,54893.169841798306
14/02/2024,210,41,Male,107886.0,53,831.0,33602,2,15482,3,2,88014,1,0,52851.130770103686
02/03/2024,211,32,Female,127141.0,36,451.0,28253,0,8742,15,1,40179,0,0,54445.66184006284
26/02/2024,212,49,Male,20117.0,26,719.0,28472,0,17165,24,0,30338,0,0,57300.2790437852
26/04/2024,213,49,Female,145808.0,29,549.0,13080,1,3490,27,0,97435,0,0,56163.84971718678
06/01/2024,214,41,Male,132221.0,21,416.0,12099,1,14324,8,0,74681,0,0,57064.18429300888
28/01/2024,215,58,Female,104471.0,11,811.0,30431,2,19108,29,1,37101,0,0,55307.10435556699
28/01/2024,216,69,Female,132613.0,40,634.0,36186,1,2137,4,2,7775,0,0,51742.125332191004
17/04/2024,217,66,Female,85375.5,11,717.0,35111,1,4420,2,0,50619,1,0,56241.13522166477
13/02/2024,218,66,Male,149597.0,36,594.0,44851,0,6845,29,0,50838,0,0,56442.65925215846
24/03/2024,219,69,Male,123864.0,59,670.0,27614,1,4906,24,1,24539,0,0,54126.87990976437
30/01/2024,220,29,Female,73441.0,39,485.0,31724,1,13413,24,2,62124,1,0,52679.1912983134
02/03/2024,221,56,Male,20846.0,99,545.0,29817,0,1276,10,1,70149,1,0,53825.217134221246
15/03/2024,222,19,Female,30954.0,54,588.5,29817,0,19383,4,0,31616,0,1,57484.600816830556
28/04/2024,223,20,Male,85375.5,98,588.5,33758,2,18611,3,2,84655,0,0,53111.15909646029
01/04/2024,224,66,Female,133689.0,55,829.0,41224,1,7337,2,2,95695,0,0,52174.259335723866
29/03/2024,225,54,Female,66514.0,24,588.5,12788,0,12944,25,0,59567,1,1,56949.502576686704
12/04/2024,226,66,Male,108236.0,22,819.0,33082,2,16906,17,2,42099,0,0,52969.4690049173
02/03/2024,227,34,Female,85375.5,69,399.0,29034,2,18079,23,2,80831,0,0,53066.94846379115
06/04/2024,228,66,Male,148644.0,56,777.0,40479,1,13306,21,1,66799,0,0,54824.94253085591
01/01/2024,229,19,Female,26469.0,33,597.0,29817,1,11503,24,0,95221,1,0,56829.75159609231
27/01/2024,230,19,Female,50105.0,36,825.0,23052,2,5208,20,0,30479,0,0,56306.6201437386
02/03/2024,231,45,Male,85375.5,20,633.0,21531,0,12590,23,0,51172,0,0,56920.084223369275
25/04/2024,232,40,Male,84323.0,83,301.0,27804,2,11886,13,0,60863,0,0,56861.57992750636
17/03/2024,233,54,Male,111922.0,99,588.5,33903,1,13866,5,0,47043,0,1,57026.1232596208
14/04/2024,234,49,Female,78067.0,81,592.0,49857,0,2088,21,2,87569,0,0,51738.05330023464
03/01/2024,235,50,Male,69376.0,62,617.0,15142,0,4363,9,1,20408,1,0,54081.75514747239
12/04/2024,236,18,Female,65587.0,98,801.0,14866,2,1024,25,0,62980,1,0,55958.918476280625
10/03/2024,237,36,Female,85375.5,73,680.0,9531,1,10764,29,1,87956,0,0,54613.69548528273
12/03/2024,238,19,Male,124587.0,26,588.5,43098,2,10959,25,1,21351,0,0,54629.90051041522
27/01/2024,239,61,Male,147534.0,66,803.0,43278,2,13935,28,2,9131,0,0,52722.57090405266
09/01/2024,240,43,Female,87584.0,73,530.0,33138,2,9068,22,0,49825,0,1,56627.396538668756
02/03/2024,241,49,Female,124537.0,73,383.0,32065,0,19619,6,2,16349,0,1,53194.92661099127
06/02/2024,242,23,Male,98477.0,40,429.0,34956,0,8295,5,0,65931,1,0,56563.15815698973
06/04/2024,243,49,Male,85375.5,17,588.5,46732,1,9392,25,2,49254,0,0,52345.03536981233
20/02/2024,244,21,Male,62533.0,1,327.0,44261,1,12390,10,1,43225,0,0,54748.820464079734
15/04/2024,245,28,Male,21828.0,89,365.0,29817,2,9448,8,0,17453,0,0,56658.97556200385
13/02/2024,246,34,Male,21917.0,61,462.0,29817,2,11433,7,1,23814,1,0,54669.291186891096
24/01/2024,247,55,Female,40618.0,43,528.0,47533,2,16038,7,1,23263,0,0,55051.97908809663
19/03/2024,248,41,Female,52254.0,42,560.0,33270,1,12528,6,2,82694,1,0,52605.64541501983
28/02/2024,249,22,Female,85375.5,25,748.0,18279,0,16743,21,0,20735,1,0,57265.20970734465
27/04/2024,250,69,Female,136714.0,39,723.0,29817,0,9605,29,1,20830,0,1,54517.379464110694
01/02/2024,251,51,Male,67362.0,35,759.0,49251,2,3014,20,2,52893,0,0,51815.00639394068
05/04/2024,252,23,Male,40128.0,3,600.0,28888,2,2381,3,0,49673,0,0,56071.6888306641
28/03/2024,253,39,Male,143781.0,44,602.0,29817,2,2098,19,0,94462,0,0,56048.170768548756
14/04/2024,254,28,Female,131281.0,51,586.0,40144,2,10101,22,1,50066,0,0,54558.59839983229
21/02/2024,255,65,Female,79383.0,94,694.0,36182,1,1187,15,0,8373,0,0,55972.464215237516
22/04/2024,256,33,Male,85375.5,98,309.0,30538,0,12948,4,1,15335,0,0,54795.19176676653
02/03/2024,257,50,Male,102180.0,12,569.0,16824,2,11207,28,0,28741,0,0,56805.15319896813
22/04/2024,258,26,Female,107958.0,19,660.0,37125,1,3092,12,2,15692,0,0,51821.48840399367
27/02/2024,259,23,Female,85375.5,44,556.0,11979,2,19514,6,1,52295,1,0,55340.844048919746
21/02/2024,260,33,Male,22219.0,59,432.0,31189,2,6242,19,1,50541,0,0,54237.90510759512
12/01/2024,261,46,Male,59809.0,49,575.0,47600,0,9549,4,0,39057,0,0,56667.368933995545
08/02/2024,262,20,Female,136748.0,61,812.0,17504,2,6185,15,0,71983,0,1,56387.81147478698
02/01/2024,263,37,Male,25287.0,17,612.0,25669,0,16271,9,1,24583,0,0,55071.34201556262
03/01/2024,264,53,Male,146593.0,74,588.5,29817,0,6776,5,0,27765,0,0,56436.92516634235
22/04/2024,265,36,Male,54387.0,57,420.0,39964,0,13449,13,2,64287,0,0,52682.18299526094
10/04/2024,266,43,Female,28512.0,55,406.0,29817,1,8823,23,0,28906,0,0,56607.036378886914
22/04/2024,267,20,Female,21342.0,47,503.0,30227,1,16717,26,2,90103,0,0,52953.76259594274
25/02/2024,268,36,Female,83076.0,12,464.0,10978,0,8355,18,2,84675,0,0,52258.85787718472
21/03/2024,269,37,Female,128872.0,62,604.0,26991,2,7465,5,2,51525,0,0,52184.89648042621
28/02/2024,270,49,Female,39216.0,80,796.0,22153,0,13737,25,2,43230,0,1,52706.11657084122
22/04/2024,271,24,Female,137512.0,88,455.0,38548,2,18881,16,2,24520,0,0,53133.5968235668
02/01/2024,272,69,Female,136682.0,83,588.5,47676,0,14324,27,0,90238,0,0,57064.18429300888
02/01/2024,273,58,Male,113070.0,8,550.0,44071,2,11350,19,2,56934,0,0,52507.75044268104
01/04/2024,274,50,Male,85375.5,95,633.0,8983,1,3555,14,0,30566,0,0,56169.25139223094
23/02/2024,275,57,Male,117829.0,21,810.0,14503,2,3951,25,2,78193,0,0,51892.873617269586
27/03/2024,276,56,Male,46614.0,81,592.0,34921,0,18622,16,1,35134,0,0,55266.71644677527
10/04/2024,277,35,Male,56258.0,87,319.0,21905,1,5727,27,2,15345,0,0,52040.464000014654
05/04/2024,278,57,Male,113789.0,80,581.0,28953,2,6686,15,1,46185,1,0,54274.80270328139
06/04/2024,279,18,Male,62078.0,70,300.0,31806,2,4701,22,2,97949,1,0,51955.2006370099
01/01/2024,280,28,Female,85375.5,72,418.0,27168,2,3780,4,2,75744,0,0,51878.66305676879
19/01/2024,281,45,Female,85375.5,25,334.0,29817,2,18972,7,2,38455,0,0,53141.15916862863
02/01/2024,282,42,Male,116573.0,82,497.0,43714,2,3368,16,1,33018,0,0,53999.067967950235
22/02/2024,283,67,Male,32219.0,89,784.0,44896,1,16592,24,1,59219,0,1,55098.01798001148
13/02/2024,284,40,Female,20235.0,12,358.0,16889,1,1436,22,2,50991,0,0,51683.870344407056
30/03/2024,285,48,Male,62929.0,15,460.0,29817,1,3828,21,0,78616,0,0,56191.93842741642
01/02/2024,286,47,Male,147309.0,59,505.0,17275,1,2556,22,2,92438,0,0,51776.9453605526
10/03/2024,287,59,Female,87444.0,26,311.0,7461,0,14364,21,1,14486,1,0,54912.86518003625
01/02/2024,288,52,Male,28567.0,26,789.0,19291,1,16061,8,2,43862,0,0,52899.247229343215
28/04/2024,289,24,Female,121834.0,47,575.0,16435,2,11576,17,1,63870,0,1,54681.174871988245
08/03/2024,290,33,Male,90792.0,32,588.5,32935,2,17566,16,1,91694,0,0,55178.9600029809
24/02/2024,291,43,Female,85441.0,10,515.0,38453,1,8190,27,1,48856,0,0,54399.789153533966
15/03/2024,292,65,Female,104555.0,16,550.0,23544,2,6565,23,2,91055,0,0,52110.10405673783
25/02/2024,293,69,Female,93698.0,71,425.0,17258,1,16369,10,1,36379,0,0,55079.486079475355
17/01/2024,294,66,Male,144450.0,17,516.0,35841,2,2589,10,1,69729,1,0,53934.33097011329
07/02/2024,295,19,Female,137248.0,23,605.0,15736,0,1159,27,2,33378,0,0,51660.85089844964
24/01/2024,296,18,Male,25415.0,26,484.0,42643,0,13145,2,1,59353,0,0,54811.562997284986
09/03/2024,297,65,Male,85375.5,85,338.0,48950,1,16373,9,2,54996,1,0,52925.175269555184
25/04/2024,298,29,Male,63925.0,86,522.0,39964,1,7555,17,1,19031,0,0,54347.01894348717
07/04/2024,299,22,Male,146523.0,7,483.0,33044,1,17237,11,0,85072,1,0,57306.26243768027
10/03/2024,300,54,Female,25951.0,14,794.0,44933,2,10203,10,0,70982,0,0,56721.7180952091
01/01/2024,301,49,Female,107388.0,79,588.5,20997,1,9244,22,1,41683,0,0,54487.37939194236
11/01/2024,302,26,Male,28007.0,7,477.0,19215,0,15743,25,0,22618,0,0,57182.10701435756
21/04/2024,303,58,Male,146730.0,9,588.5,38069,2,14333,17,2,11587,0,0,52755.64577586153
16/01/2024,304,52,Female,61832.0,48,593.0,28911,1,14341,4,0,67790,0,0,57065.59703878967
06/04/2024,305,36,Male,78596.0,72,450.0,22030,2,19691,16,1,36480,0,0,55355.553225578464
13/03/2024,306,65,Female,141101.0,59,683.0,34334,2,2228,20,1,25527,1,0,53904.33089794496
28/02/2024,307,33,Male,50523.0,87,607.0,19571,1,6590,15,2,28569,1,0,52112.181624062505
10/03/2024,308,20,Male,108861.0,93,635.0,47719,2,6585,25,1,16151,0,0,54266.409331289695
20/03/2024,309,37,Female,144194.0,82,674.0,33927,0,10227,27,2,76094,0,1,52414.42611845655
02/04/2024,310,41,Male,106740.0,95,307.0,25714,0,7046,21,0,64174,0,0,56459.36289344886
03/01/2024,311,50,Female,35524.0,94,640.0,48541,2,13237,5,0,49739,0,0,56973.85166573192
20/01/2024,312,41,Male,149028.0,39,428.0,28387,1,16649,6,2,37954,0,0,52948.11161281962
28/02/2024,313,69,Male,39282.0,99,651.0,33444,2,5945,17,2,40303,0,0,52058.580387085836
05/02/2024,314,28,Male,43930.0,18,657.0,24921,0,8927,1,1,39700,0,0,54461.03583826545
19/01/2024,315,66,Female,85375.5,59,816.0,18057,2,13641,25,0,98036,0,0,57007.42515369871
30/03/2024,316,25,Male,125881.0,17,794.0,29858,2,16998,19,2,72568,1,0,52977.11445267211
07/03/2024,317,53,Male,145501.0,14,385.0,49638,0,14386,4,0,71788,0,0,57069.336659974084
19/01/2024,318,55,Male,40611.0,31,588.5,31062,2,8016,17,2,76045,0,0,52230.686064262096
20/01/2024,319,57,Male,36984.0,24,492.0,41850,2,15027,9,0,42842,0,0,57122.60548617881
05/04/2024,320,37,Female,34060.0,99,588.5,25567,1,16920,24,1,18900,0,0,55125.275663311244
11/03/2024,321,52,Female,102985.0,60,418.0,34739,1,14752,2,0,85059,0,0,57099.75224560736
21/02/2024,322,65,Male,104056.0,45,517.0,48285,0,19268,8,0,6881,0,1,57475.04400713705
14/04/2024,323,42,Female,145329.0,98,726.0,8754,0,19193,15,0,38037,1,0,57468.81130516301
02/02/2024,324,52,Male,63303.0,3,713.0,32044,0,4167,7,0,6630,0,0,56220.11024033904
09/02/2024,325,42,Male,79207.0,37,588.5,6724,1,12989,27,0,25789,0,0,56953.24219787112
08/02/2024,326,46,Male,95046.0,43,444.0,6376,0,15087,6,1,93059,1,0,54972.94842706591
22/03/2024,327,35,Female,49287.0,40,837.0,13706,0,3437,1,2,88494,1,0,51850.15883307422
13/04/2024,328,63,Female,113709.0,90,588.5,13894,0,16275,15,0,51151,0,0,57226.31764702669
01/01/2024,329,35,Female,59711.0,55,644.0,29817,1,6276,23,1,53920,0,0,54240.73059915668
11/01/2024,330,19,Female,31954.0,87,300.0,23450,2,9859,26,0,72231,0,0,56693.13076882154
01/04/2024,331,52,Female,93340.0,39,446.0,21406,0,8818,7,0,85357,0,0,56606.62086542198
26/02/2024,332,33,Female,92101.0,15,586.0,34725,2,5728,29,2,8262,0,1,52040.54710270764
29/03/2024,333,58,Female,91520.0,4,352.0,10926,0,6738,25,0,71981,0,0,56433.76726400884
19/02/2024,334,53,Female,107062.0,93,603.0,44019,2,6793,17,1,86972,0,0,54283.69469143101
23/01/2024,335,50,Female,122974.0,86,588.5,14496,1,5523,2,1,80485,0,0,54178.15427133741
31/01/2024,336,21,Male,38574.0,25,660.0,41068,1,6571,27,2,59722,0,0,52110.60267289575
03/04/2024,337,50,Female,29184.0,13,519.0,34806,0,17209,9,0,94499,0,0,57303.93556227663
11/02/2024,338,31,Female,39096.0,82,460.0,27663,2,16246,29,1,55818,0,0,55069.26444823795
08/04/2024,339,38,Female,87728.0,33,388.0,46321,1,11380,9,0,34932,0,0,56819.5299648549
07/01/2024,340,65,Female,54016.0,16,458.0,41495,0,3224,13,0,11901,0,1,56141.744400852214
16/01/2024,341,37,Female,31246.0,42,788.0,27656,0,9389,6,0,13597,0,1,56654.07250311761
30/03/2024,342,25,Female,65558.0,66,623.0,30860,1,16927,6,2,68909,0,1,52971.21416147003
21/04/2024,343,24,Female,138721.0,55,680.0,21832,1,12684,20,0,77391,0,0,56927.89587651006
25/04/2024,344,20,Female,38381.0,99,401.0,29817,0,11640,20,1,89214,0,0,54686.49344433942
29/02/2024,345,34,Female,147796.0,42,793.0,26727,2,9662,21,0,13263,0,0,56676.759538303086
22/04/2024,346,50,Female,56455.0,34,318.0,47815,2,7361,3,1,68293,1,0,54330.89702104768
02/01/2024,347,65,Female,112263.0,30,753.0,29817,2,2948,17,0,30805,1,0,56118.808057587776
01/01/2024,348,29,Male,24018.0,13,781.0,49522,0,13091,17,1,96679,0,0,54807.07545186368
17/02/2024,349,68,Male,31302.0,13,696.0,7520,1,12992,12,1,16874,0,0,54798.84828525796
12/01/2024,350,39,Female,87506.0,18,578.0,8081,0,7318,16,0,98065,0,0,56481.96682594135
09/03/2024,351,39,Female,61157.0,32,664.0,39196,1,13180,15,0,91402,0,0,56969.11481223166
06/02/2024,352,63,Male,74917.0,96,630.0,41735,2,1234,13,1,19079,0,1,53821.726821115786
01/02/2024,353,47,Female,112738.0,99,643.0,44213,2,16372,23,2,54850,1,0,52925.092166862196
28/04/2024,354,55,Male,116646.0,39,754.0,19566,1,1522,1,0,77779,0,0,56000.30361738819
09/01/2024,355,55,Male,103122.0,46,364.0,19042,1,13718,17,2,14018,0,0,52704.53761967447
14/04/2024,356,62,Male,44519.0,29,375.0,30498,0,10821,3,0,54500,1,0,56773.07555947512
08/04/2024,357,68,Male,116809.0,62,442.0,16329,2,6832,26,0,17100,1,1,56441.57891714963
19/01/2024,358,25,Male,107487.0,93,772.0,36656,0,13820,15,0,62021,1,0,57022.300535743394
17/02/2024,359,44,Female,76819.0,62,716.0,7159,0,17211,4,0,24800,0,0,57304.10176766261
20/03/2024,360,44,Male,100910.0,57,604.0,42900,0,8122,4,2,68400,0,0,52239.494949718726
03/01/2024,361,51,Female,140430.0,16,796.0,24363,2,6842,18,0,97446,0,1,56442.409944079496
20/01/2024,362,38,Female,91324.0,56,590.0,29817,0,2316,17,1,34437,0,0,53911.643934927815
24/01/2024,363,47,Male,25408.0,10,588.5,24033,0,14200,19,1,81537,0,1,54899.23633838636
23/02/2024,364,50,Male,79379.0,30,588.5,29817,0,18508,11,2,51675,0,0,53102.599519082614
29/04/2024,365,45,Female,45053.0,25,302.0,40851,0,16206,20,0,24942,1,0,57220.58356121058
02/02/2024,366,64,Male,29446.0,84,384.0,31832,0,19971,3,1,25862,0,0,55378.82197961485
24/01/2024,367,50,Male,85375.5,5,588.5,18944,0,2378,8,2,16669,0,1,51762.15308120089
25/04/2024,368,22,Female,118723.0,65,749.0,24873,2,2519,14,0,58772,0,0,56083.15700229632
15/03/2024,369,65,Female,71356.0,94,753.0,45372,0,8935,26,1,20916,0,0,54461.70065980935
22/04/2024,370,36,Male,30789.0,49,520.0,28928,1,7093,1,1,15878,0,0,54308.625499327136
12/03/2024,371,21,Female,117720.0,3,453.0,20379,0,6355,14,2,7985,0,0,52092.652491210545
05/02/2024,372,52,Male,86656.0,45,311.0,41751,0,10083,2,0,78648,0,0,56711.74577205065
07/02/2024,373,66,Male,85375.5,14,432.0,39546,2,6574,29,0,46235,0,1,56420.138422358956
13/04/2024,374,34,Male,84484.0,30,603.0,29286,2,14324,23,1,23931,0,0,54909.541072316766
24/03/2024,375,61,Female,52154.0,68,592.0,10110,1,3257,4,1,97876,1,0,53989.843569028664
08/04/2024,376,45,Female,85375.5,18,599.0,17087,1,14411,24,1,5336,0,0,54916.771006606636
21/04/2024,377,47,Female,22336.0,62,342.0,28762,2,16233,27,0,47933,0,0,57222.82733392123
29/03/2024,378,46,Female,123677.0,37,642.0,22081,2,16887,29,2,89899,0,0,52967.89005375055
08/04/2024,379,63,Female,87779.0,25,625.0,39947,0,3005,19,2,50536,0,0,51814.2584697038
25/01/2024,380,23,Male,39029.0,48,588.5,14596,2,19400,6,0,74504,0,0,57486.01356261134
02/04/2024,381,52,Male,79201.0,65,663.0,43019,1,11860,25,2,56148,0,0,52550.13281610446
18/01/2024,382,58,Male,52265.0,53,726.0,47003,0,11070,1,1,21279,1,0,54639.12490933678
19/04/2024,383,54,Male,122916.0,79,320.0,29817,1,10388,17,2,73665,1,0,52427.80565202747
22/03/2024,384,41,Female,132250.0,73,706.0,6013,0,19156,8,2,76386,0,0,53156.45006413825
06/03/2024,385,46,Male,136553.0,15,635.0,28705,2,19135,19,2,91124,1,1,53154.70490758552
23/02/2024,386,66,Female,63872.0,49,416.0,6828,1,15609,21,1,82485,0,1,55016.32803280517
04/02/2024,387,63,Male,66197.0,88,423.0,12909,0,17363,1,0,79055,0,1,57316.73337699664
20/03/2024,388,48,Female,145733.0,68,698.0,43356,0,17923,5,1,96911,0,0,55208.62766437729
01/03/2024,389,52,Female,75180.0,12,350.0,18109,2,15823,27,0,82273,0,0,57188.75522979653
10/02/2024,390,50,Male,85375.5,59,623.0,7023,2,18845,16,0,71670,1,0,57439.891568003506
09/04/2024,391,69,Male,49486.0,37,440.0,19537,2,9547,6,0,81474,0,0,56667.20272860957
02/02/2024,392,38,Male,85375.5,61,769.0,31661,1,12515,8,2,59028,1,0,52604.565080011
08/03/2024,393,49,Male,148876.0,43,633.0,43659,0,1234,13,2,95022,0,0,51667.08360042367
01/01/2024,394,40,Female,91895.0,70,672.0,38848,2,15562,16,0,96632,0,0,57167.0654269269
14/01/2024,395,50,Male,84435.0,39,793.0,42804,1,18932,3,0,76128,0,0,57447.12150229338
21/01/2024,396,20,Male,60631.0,56,838.0,20379,1,8480,19,2,23108,0,1,52269.2457138081
17/02/2024,397,35,Female,85375.5,63,455.0,32766,1,5213,12,1,57495,0,0,54152.39243651141
20/01/2024,398,42,Male,121532.0,46,590.0,48590,2,11293,16,0,87806,1,1,56812.30003056502
29/04/2024,399,59,Male,40103.0,88,443.0,7563,2,2673,27,1,98185,0,0,53941.31159632421
08/01/2024,400,48,Male,84772.0,11,405.0,41060,0,3100,11,2,81533,1,0,51822.15322553757
07/01/2024,401,20,Male,85375.5,62,719.0,34197,0,12849,10,0,61830,1,0,56941.60782085293
07/03/2024,402,57,Male,85375.5,77,301.0,8586,2,19199,25,1,79640,0,0,55314.66670062881
17/01/2024,403,63,Female,104291.0,98,588.5,29817,1,4841,20,1,57509,1,1,54121.47823472021
02/02/2024,404,41,Male,121195.0,25,644.0,28225,1,11197,4,1,71406,1,1,54649.67895134614
17/02/2024,405,67,Male,23756.0,71,649.0,34750,1,9016,12,2,99220,0,0,52313.78875724918
16/03/2024,406,49,Male,40609.0,52,758.0,11643,0,8011,23,2,44519,1,0,52230.27055079716
28/02/2024,407,64,Male,134074.0,4,562.0,32523,1,5493,2,1,54649,1,1,54175.66119054779
24/04/2024,408,39,Male,36478.0,59,650.0,41727,0,18058,24,1,39524,0,0,55219.846527930546
26/03/2024,409,40,Female,120978.0,72,407.0,16005,0,9578,22,2,38885,0,1,52360.492470707926
28/04/2024,410,19,Male,59666.0,20,338.0,48543,1,3158,19,1,49369,1,0,53981.616402422944
22/01/2024,411,44,Female,85375.5,93,458.0,29817,1,3064,25,1,35676,0,0,53973.80474928216
19/04/2024,412,59,Female,119097.0,63,611.0,21029,2,4253,5,2,69093,0,0,51917.97063055169
30/01/2024,413,19,Male,144714.0,54,540.0,19226,2,13828,8,1,52764,0,0,54868.32213659517
07/02/2024,414,43,Male,85375.5,74,744.0,33731,1,2401,7,1,55799,1,0,53918.70766383172
11/04/2024,415,34,Male,91315.0,98,597.0,48922,0,16193,14,1,84414,0,0,55064.86000550963
18/04/2024,416,57,Male,85375.5,57,335.0,49848,0,13096,24,2,98095,1,0,52652.8477446365
20/02/2024,417,50,Female,146205.0,90,383.0,8390,0,5214,23,1,77307,0,0,54152.475539204395
23/02/2024,418,26,Male,34153.0,41,751.0,10997,0,12023,3,2,87062,0,0,52563.67855506136
08/01/2024,419,60,Male,129415.0,3,684.0,17693,0,12950,18,2,36923,0,0,52640.714751460386
27/01/2024,420,65,Male,96325.0,6,471.0,47092,2,11704,16,0,83388,0,0,56846.45523738272
27/01/2024,421,56,Male,129701.0,5,675.0,5541,1,11343,23,0,52574,0,0,56816.45516521438
07/04/2024,422,46,Male,32999.0,5,661.0,29817,2,12867,19,1,48391,1,0,54788.46044863458
21/01/2024,423,59,Male,75318.0,54,440.0,42861,0,3745,19,2,58664,1,1,51875.75446251425
30/01/2024,424,43,Female,20814.0,47,417.0,18428,0,4866,18,0,72384,0,1,56278.19902273701
06/04/2024,425,52,Female,135033.0,87,588.5,29817,0,12956,20,1,36027,0,0,54795.856588310424
28/01/2024,426,67,Male,96077.0,49,519.0,15258,0,6818,16,0,40464,1,0,56440.41547944781
20/04/2024,427,42,Male,110474.0,9,325.0,21044,1,19606,8,0,39485,1,1,57503.13271736668
04/03/2024,428,41,Male,22443.0,99,820.0,34411,0,17093,28,2,24456,0,1,52985.009208505886
06/04/2024,429,30,Female,95993.0,20,309.0,29817,1,16493,1,2,79795,0,0,52935.147592713634
09/03/2024,430,24,Male,95916.0,61,677.0,33854,0,18908,17,0,40554,0,0,57445.127037661696
01/03/2024,431,53,Female,93319.0,35,451.0,11256,1,9224,12,0,51922,1,0,56640.36055877474
17/02/2024,432,62,Male,85375.5,50,348.0,15720,2,5025,21,2,18409,0,0,51982.12590953772
19/01/2024,433,37,Male,129777.0,82,453.0,38937,0,19950,11,1,74327,0,0,55377.07682306212
04/01/2024,434,18,Male,37368.0,62,592.0,38598,1,7155,5,2,96400,0,0,52159.134645600214
04/02/2024,435,25,Male,35328.0,17,349.0,6651,2,14839,27,0,41639,1,1,57106.98217989723
04/03/2024,436,63,Female,85375.5,88,830.0,24194,0,1719,12,1,68627,0,1,53862.03162721453
01/01/2024,437,33,Female,111751.0,3,588.5,30051,0,15890,17,0,88424,0,0,57194.323110226665
17/01/2024,438,31,Male,119131.0,32,466.0,32386,0,18356,6,1,24692,0,0,55244.6111304407
13/02/2024,439,29,Male,47306.0,99,501.0,14518,1,19591,1,0,94037,0,0,57501.88617697187
01/04/2024,440,68,Female,105451.0,13,445.0,21184,1,5426,5,1,83840,0,1,54170.093310117656
30/01/2024,441,40,Female,59915.0,89,738.0,38787,2,13512,25,1,59200,1,0,54842.06168561125
02/04/2024,442,32,Female,57219.0,73,541.0,26621,1,16064,28,0,98063,1,0,57208.78297880642
15/02/2024,443,45,Female,100879.0,68,782.0,15028,1,14767,14,1,62415,1,0,54946.35556531004
26/04/2024,444,51,Male,131939.0,14,407.0,17448,0,12308,5,2,23074,1,0,52587.362822562674
06/01/2024,445,19,Female,84644.0,98,588.5,29817,0,12477,22,0,20549,0,0,56910.693619061734
08/04/2024,446,49,Male,80279.0,11,731.0,35447,0,13903,24,2,34963,1,0,52719.91161787708
14/04/2024,447,40,Female,73028.0,56,718.0,23394,0,9680,27,0,96456,0,0,56678.25538677685
06/02/2024,448,39,Female,124263.0,67,754.0,39501,0,3204,1,1,57265,0,1,53985.43912630035
24/01/2024,449,68,Female,20126.0,92,588.5,35254,0,2102,18,1,21061,1,1,53893.85995862858
02/04/2024,450,42,Female,72329.0,29,822.0,23509,0,6243,16,1,63226,0,1,54237.98821028811
22/04/2024,451,39,Female,47632.0,9,376.0,19472,2,7614,9,0,33810,0,0,56506.565223065525
15/02/2024,452,39,Male,127099.0,67,808.0,8471,2,17299,19,2,65006,0,0,53002.128363261225
22/02/2024,453,66,Male,85310.0,25,740.0,29817,2,9707,22,2,27800,0,0,52371.212718103256
04/04/2024,454,69,Female,85375.5,98,553.0,29817,2,14913,5,0,80476,0,1,57113.13177917828
08/04/2024,455,59,Female,75176.0,76,619.0,13329,0,1630,27,0,74460,1,0,56009.2787082308
29/02/2024,456,23,Male,139797.0,42,562.0,29817,2,12908,2,2,62767,1,0,52637.224438354926
06/04/2024,457,32,Female,106066.0,9,673.0,33272,0,11847,15,2,33054,0,0,52549.05248109563
25/04/2024,458,60,Female,125500.0,79,466.0,47845,2,10171,7,2,80319,0,0,52409.77236764927
03/03/2024,459,54,Male,146413.0,40,758.0,29817,1,13721,4,2,50397,0,0,52704.78692775343
25/03/2024,460,50,Female,64327.0,25,579.0,37373,2,17661,1,0,18233,1,0,57341.49797950679
01/02/2024,461,25,Female,85375.5,5,601.0,40525,2,17616,13,0,95020,0,0,57337.758358322375
27/03/2024,462,61,Male,23797.0,11,588.5,29570,0,10744,20,1,30068,0,0,54612.03343142299
02/02/2024,463,61,Male,67882.0,59,517.0,23284,2,6690,22,2,70727,0,1,52120.49189336121
07/03/2024,464,22,Male,33718.0,98,401.0,23994,1,14401,7,1,95610,0,0,54915.93997967677
18/01/2024,465,56,Female,54560.0,88,587.0,28284,0,8659,15,0,75453,0,0,56593.407537237035
25/01/2024,466,21,Male,96589.0,79,466.0,22833,0,11601,23,0,30832,1,0,56837.895660005044
15/04/2024,467,23,Male,42116.0,38,335.0,30122,2,12704,14,1,91242,0,1,54774.91470967768
04/04/2024,468,62,Male,56244.0,72,652.0,10017,0,1025,23,2,18682,0,0,51649.715137589366
23/02/2024,469,49,Male,121721.0,5,372.0,21370,0,16384,19,2,97298,0,1,52926.08939917804
27/02/2024,470,69,Male,21645.0,48,652.0,34252,0,14705,22,2,28383,0,0,52786.55997765272
07/03/2024,471,47,Male,67523.0,90,588.5,12999,0,9652,29,2,63160,0,1,52366.64206998897
13/04/2024,472,64,Female,144085.0,18,724.0,29817,0,14379,24,1,98332,0,1,54914.11172043105
15/02/2024,473,52,Female,137718.0,70,588.5,47963,0,8006,20,1,28666,0,0,54384.498258024345
24/01/2024,474,57,Male,39256.0,37,727.0,7096,1,19378,29,0,63817,0,0,57484.18530336562
23/04/2024,475,69,Male,121376.0,60,838.0,30279,2,9682,24,2,96198,1,0,52369.13515077858
01/02/2024,476,33,Male,120158.0,48,459.0,48363,1,2072,18,2,39642,0,0,51736.723657146846
16/02/2024,477,30,Female,73173.0,77,448.0,31201,0,1215,10,2,46830,1,0,51665.504649256916
26/03/2024,478,67,Female,57430.0,28,588.5,24715,0,10915,9,1,15234,0,0,54626.24399192378
01/01/2024,479,59,Female,85375.5,69,588.5,34309,2,10784,25,2,62616,1,0,52460.71431845035
06/03/2024,480,47,Female,139719.0,77,680.0,20078,1,19990,8,1,14221,0,0,55380.4009307816
27/01/2024,481,36,Female,83374.0,81,357.0,10105,2,15824,26,2,16410,1,0,52879.55189110527
15/04/2024,482,34,Female,88244.0,40,558.0,34312,1,4313,29,2,85055,0,0,51922.956792130906
02/01/2024,483,36,Female,31694.0,45,641.0,7839,0,12033,10,0,66413,0,0,56873.796023375464
30/03/2024,484,45,Female,76264.0,96,429.0,8384,2,10968,17,2,6051,1,0,52476.00521395998
17/01/2024,485,43,Female,95060.0,62,471.0,48619,2,17241,2,2,80301,0,0,52997.308407067976
13/04/2024,486,54,Male,117416.0,93,508.0,47821,0,6939,6,0,81918,0,0,56450.47090529925
02/02/2024,487,43,Male,77545.0,58,653.0,18493,2,15696,26,1,83116,0,1,55023.55796709505
09/01/2024,488,40,Male,138195.0,67,770.0,22069,1,15794,5,1,61563,0,0,55031.70203100778
12/02/2024,489,26,Male,59224.0,56,415.0,29817,1,3295,28,2,49757,0,0,51838.358250670055
27/04/2024,490,29,Female,122516.0,40,563.0,42051,1,2696,9,1,82475,0,0,53943.22295826291
17/02/2024,491,18,Female,117945.0,98,741.0,12736,1,12185,5,2,56257,0,1,52577.14119132526
08/02/2024,492,18,Male,33224.0,40,847.0,12710,0,19330,18,0,5307,1,1,57480.19637410224
02/04/2024,493,64,Female,60738.0,91,752.0,6619,2,13001,26,0,61889,0,1,56954.239430186964
11/02/2024,494,51,Male,45150.0,77,776.0,29817,1,15350,20,2,73895,1,0,52840.16121462939
28/04/2024,495,49,Female,83731.0,33,586.0,28252,0,4644,9,0,40944,1,0,56259.750224893876
26/01/2024,496,65,Male,69688.0,6,602.0,20261,2,7420,17,0,43134,0,0,56490.44330062603
08/04/2024,497,42,Female,119929.0,88,610.0,6431,2,12837,27,2,32323,0,0,52631.324147152845
19/02/2024,498,57,Female,128618.0,19,507.0,14067,0,7353,17,2,76762,0,1,52175.588978811655
25/01/2024,499,62,Male,93509.0,80,745.0,42481,0,11541,12,0,92225,0,0,56832.90949842582
24/01/2024,500,18,Female,28577.0,40,354.0,29817,1,2932,7,1,30954,1,0,53962.83519380786
